name,mean_auc,sem_auc,subNo,auc,xvalIterReported,condNames,which_traintest,roiName,num_results_iter,scramble,trWeights,trWeights_train,trWeights_test
CM_ret,0.49739,0.018575,s01,0.45699,2,hit;cr,1;1;1;1;2;2;2;2,SEPT09_MVPA_MASK_resliced4mm,10,0,0;0;0;0;0;1,,
CM_ret,0.49739,0.018575,s02,NaN,2,hit;cr,1;1;1;1;2;2;2;2,SEPT09_MVPA_MASK_resliced4mm,10,0,0;0;0;0;0;1,,
CM_ret,0.49739,0.018575,s03,0.44115,2,hit;cr,1;1;1;1;2;2;2;2,SEPT09_MVPA_MASK_resliced4mm,10,0,0;0;0;0;0;1,,
CM_ret,0.49739,0.018575,s04,0.48207,2,hit;cr,1;1;1;1;2;2;2;2,SEPT09_MVPA_MASK_resliced4mm,10,0,0;0;0;0;0;1,,
CM_ret,0.49739,0.018575,s05,0.46979,2,hit;cr,1;1;1;1;2;2;2;2,SEPT09_MVPA_MASK_resliced4mm,10,0,0;0;0;0;0;1,,
CM_ret,0.49739,0.018575,s06,0.53054,2,hit;cr,1;1;1;1;2;2;2;2,SEPT09_MVPA_MASK_resliced4mm,10,0,0;0;0;0;0;1,,
CM_ret,0.49739,0.018575,s07,0.55458,2,hit;cr,1;1;1;1;2;2;2;2,SEPT09_MVPA_MASK_resliced4mm,10,0,0;0;0;0;0;1,,
CM_ret,0.49739,0.018575,s08,0.51677,2,hit;cr,1;1;1;1;2;2;2;2,SEPT09_MVPA_MASK_resliced4mm,10,0,0;0;0;0;0;1,,
CM_ret,0.49739,0.018575,s09,0.41935,2,hit;cr,1;1;1;1;2;2;2;2,SEPT09_MVPA_MASK_resliced4mm,10,0,0;0;0;0;0;1,,
CM_ret,0.49739,0.018575,s10,0.45949,2,hit;cr,1;1;1;1;2;2;2;2,SEPT09_MVPA_MASK_resliced4mm,10,0,0;0;0;0;0;1,,
CM_ret,0.49739,0.018575,s11,NaN,2,hit;cr,1;1;1;1;2;2;2;2,SEPT09_MVPA_MASK_resliced4mm,10,0,0;0;0;0;0;1,,
CM_ret,0.49739,0.018575,s12,0.60566,2,hit;cr,1;1;1;1;2;2;2;2,SEPT09_MVPA_MASK_resliced4mm,10,0,0;0;0;0;0;1,,
CM_ret,0.49739,0.018575,s13,0.63054,2,hit;cr,1;1;1;1;2;2;2;2,SEPT09_MVPA_MASK_resliced4mm,10,0,0;0;0;0;0;1,,
CM_ret,0.49739,0.018575,s14,0.65973,2,hit;cr,1;1;1;1;2;2;2;2,SEPT09_MVPA_MASK_resliced4mm,10,0,0;0;0;0;0;1,,
CM_ret,0.49739,0.018575,s15,0.48184,2,hit;cr,1;1;1;1;2;2;2;2,SEPT09_MVPA_MASK_resliced4mm,10,0,0;0;0;0;0;1,,
CM_ret,0.49739,0.018575,s16,0.50098,2,hit;cr,1;1;1;1;2;2;2;2,SEPT09_MVPA_MASK_resliced4mm,10,0,0;0;0;0;0;1,,
CM_ret,0.49739,0.018575,s17,0.50149,2,hit;cr,1;1;1;1;2;2;2;2,SEPT09_MVPA_MASK_resliced4mm,10,0,0;0;0;0;0;1,,
CM_ret,0.49739,0.018575,s18,0.50952,2,hit;cr,1;1;1;1;2;2;2;2,SEPT09_MVPA_MASK_resliced4mm,10,0,0;0;0;0;0;1,,
CM_ret,0.49739,0.018575,s19,0.6615,2,hit;cr,1;1;1;1;2;2;2;2,SEPT09_MVPA_MASK_resliced4mm,10,0,0;0;0;0;0;1,,
CM_ret,0.49739,0.018575,s20,0.45191,2,hit;cr,1;1;1;1;2;2;2;2,SEPT09_MVPA_MASK_resliced4mm,10,0,0;0;0;0;0;1,,
CM_ret,0.49739,0.018575,s21,0.32301,2,hit;cr,1;1;1;1;2;2;2;2,SEPT09_MVPA_MASK_resliced4mm,10,0,0;0;0;0;0;1,,
CM_ret,0.49739,0.018575,s22,0.53038,2,hit;cr,1;1;1;1;2;2;2;2,SEPT09_MVPA_MASK_resliced4mm,10,0,0;0;0;0;0;1,,
CM_ret,0.49739,0.018575,s23,0.36452,2,hit;cr,1;1;1;1;2;2;2;2,SEPT09_MVPA_MASK_resliced4mm,10,0,0;0;0;0;0;1,,
CM_ret,0.49739,0.018575,s24,0.38399,2,hit;cr,1;1;1;1;2;2;2;2,SEPT09_MVPA_MASK_resliced4mm,10,0,0;0;0;0;0;1,,
CM_ret,0.50949,0.020361,s01,0.54124,2,hit;cr,1;1;1;1;2;2;2;2,SEPT09_MVPA_MASK_resliced4mm,10,0,0;0;0;0;1;0,,
CM_ret,0.50949,0.020361,s02,NaN,2,hit;cr,1;1;1;1;2;2;2;2,SEPT09_MVPA_MASK_resliced4mm,10,0,0;0;0;0;1;0,,
CM_ret,0.50949,0.020361,s03,0.48894,2,hit;cr,1;1;1;1;2;2;2;2,SEPT09_MVPA_MASK_resliced4mm,10,0,0;0;0;0;1;0,,
CM_ret,0.50949,0.020361,s04,0.43245,2,hit;cr,1;1;1;1;2;2;2;2,SEPT09_MVPA_MASK_resliced4mm,10,0,0;0;0;0;1;0,,
CM_ret,0.50949,0.020361,s05,0.51228,2,hit;cr,1;1;1;1;2;2;2;2,SEPT09_MVPA_MASK_resliced4mm,10,0,0;0;0;0;1;0,,
CM_ret,0.50949,0.020361,s06,0.39671,2,hit;cr,1;1;1;1;2;2;2;2,SEPT09_MVPA_MASK_resliced4mm,10,0,0;0;0;0;1;0,,
CM_ret,0.50949,0.020361,s07,0.40779,2,hit;cr,1;1;1;1;2;2;2;2,SEPT09_MVPA_MASK_resliced4mm,10,0,0;0;0;0;1;0,,
CM_ret,0.50949,0.020361,s08,0.6031,2,hit;cr,1;1;1;1;2;2;2;2,SEPT09_MVPA_MASK_resliced4mm,10,0,0;0;0;0;1;0,,
CM_ret,0.50949,0.020361,s09,0.3845,2,hit;cr,1;1;1;1;2;2;2;2,SEPT09_MVPA_MASK_resliced4mm,10,0,0;0;0;0;1;0,,
CM_ret,0.50949,0.020361,s10,0.51878,2,hit;cr,1;1;1;1;2;2;2;2,SEPT09_MVPA_MASK_resliced4mm,10,0,0;0;0;0;1;0,,
CM_ret,0.50949,0.020361,s11,NaN,2,hit;cr,1;1;1;1;2;2;2;2,SEPT09_MVPA_MASK_resliced4mm,10,0,0;0;0;0;1;0,,
CM_ret,0.50949,0.020361,s12,0.6723,2,hit;cr,1;1;1;1;2;2;2;2,SEPT09_MVPA_MASK_resliced4mm,10,0,0;0;0;0;1;0,,
CM_ret,0.50949,0.020361,s13,0.68801,2,hit;cr,1;1;1;1;2;2;2;2,SEPT09_MVPA_MASK_resliced4mm,10,0,0;0;0;0;1;0,,
CM_ret,0.50949,0.020361,s14,0.51095,2,hit;cr,1;1;1;1;2;2;2;2,SEPT09_MVPA_MASK_resliced4mm,10,0,0;0;0;0;1;0,,
CM_ret,0.50949,0.020361,s15,0.5331,2,hit;cr,1;1;1;1;2;2;2;2,SEPT09_MVPA_MASK_resliced4mm,10,0,0;0;0;0;1;0,,
CM_ret,0.50949,0.020361,s16,0.55188,2,hit;cr,1;1;1;1;2;2;2;2,SEPT09_MVPA_MASK_resliced4mm,10,0,0;0;0;0;1;0,,
CM_ret,0.50949,0.020361,s17,0.57898,2,hit;cr,1;1;1;1;2;2;2;2,SEPT09_MVPA_MASK_resliced4mm,10,0,0;0;0;0;1;0,,
CM_ret,0.50949,0.020361,s18,0.45804,2,hit;cr,1;1;1;1;2;2;2;2,SEPT09_MVPA_MASK_resliced4mm,10,0,0;0;0;0;1;0,,
CM_ret,0.50949,0.020361,s19,0.62487,2,hit;cr,1;1;1;1;2;2;2;2,SEPT09_MVPA_MASK_resliced4mm,10,0,0;0;0;0;1;0,,
CM_ret,0.50949,0.020361,s20,0.44644,2,hit;cr,1;1;1;1;2;2;2;2,SEPT09_MVPA_MASK_resliced4mm,10,0,0;0;0;0;1;0,,
CM_ret,0.50949,0.020361,s21,0.34108,2,hit;cr,1;1;1;1;2;2;2;2,SEPT09_MVPA_MASK_resliced4mm,10,0,0;0;0;0;1;0,,
CM_ret,0.50949,0.020361,s22,0.57154,2,hit;cr,1;1;1;1;2;2;2;2,SEPT09_MVPA_MASK_resliced4mm,10,0,0;0;0;0;1;0,,
CM_ret,0.50949,0.020361,s23,0.3458,2,hit;cr,1;1;1;1;2;2;2;2,SEPT09_MVPA_MASK_resliced4mm,10,0,0;0;0;0;1;0,,
CM_ret,0.50949,0.020361,s24,0.5007,2,hit;cr,1;1;1;1;2;2;2;2,SEPT09_MVPA_MASK_resliced4mm,10,0,0;0;0;0;1;0,,
CM_ret,0.51872,0.017247,s01,0.49328,2,hit;cr,1;1;1;1;2;2;2;2,SEPT09_MVPA_MASK_resliced4mm,10,0,0;0;0;1;0;0,,
CM_ret,0.51872,0.017247,s02,NaN,2,hit;cr,1;1;1;1;2;2;2;2,SEPT09_MVPA_MASK_resliced4mm,10,0,0;0;0;1;0;0,,
CM_ret,0.51872,0.017247,s03,0.55001,2,hit;cr,1;1;1;1;2;2;2;2,SEPT09_MVPA_MASK_resliced4mm,10,0,0;0;0;1;0;0,,
CM_ret,0.51872,0.017247,s04,0.45758,2,hit;cr,1;1;1;1;2;2;2;2,SEPT09_MVPA_MASK_resliced4mm,10,0,0;0;0;1;0;0,,
CM_ret,0.51872,0.017247,s05,0.4511,2,hit;cr,1;1;1;1;2;2;2;2,SEPT09_MVPA_MASK_resliced4mm,10,0,0;0;0;1;0;0,,
CM_ret,0.51872,0.017247,s06,0.42041,2,hit;cr,1;1;1;1;2;2;2;2,SEPT09_MVPA_MASK_resliced4mm,10,0,0;0;0;1;0;0,,
CM_ret,0.51872,0.017247,s07,0.41326,2,hit;cr,1;1;1;1;2;2;2;2,SEPT09_MVPA_MASK_resliced4mm,10,0,0;0;0;1;0;0,,
CM_ret,0.51872,0.017247,s08,0.47076,2,hit;cr,1;1;1;1;2;2;2;2,SEPT09_MVPA_MASK_resliced4mm,10,0,0;0;0;1;0;0,,
CM_ret,0.51872,0.017247,s09,0.56551,2,hit;cr,1;1;1;1;2;2;2;2,SEPT09_MVPA_MASK_resliced4mm,10,0,0;0;0;1;0;0,,
CM_ret,0.51872,0.017247,s10,0.62449,2,hit;cr,1;1;1;1;2;2;2;2,SEPT09_MVPA_MASK_resliced4mm,10,0,0;0;0;1;0;0,,
CM_ret,0.51872,0.017247,s11,NaN,2,hit;cr,1;1;1;1;2;2;2;2,SEPT09_MVPA_MASK_resliced4mm,10,0,0;0;0;1;0;0,,
CM_ret,0.51872,0.017247,s12,0.59053,2,hit;cr,1;1;1;1;2;2;2;2,SEPT09_MVPA_MASK_resliced4mm,10,0,0;0;0;1;0;0,,
CM_ret,0.51872,0.017247,s13,0.54289,2,hit;cr,1;1;1;1;2;2;2;2,SEPT09_MVPA_MASK_resliced4mm,10,0,0;0;0;1;0;0,,
CM_ret,0.51872,0.017247,s14,0.40461,2,hit;cr,1;1;1;1;2;2;2;2,SEPT09_MVPA_MASK_resliced4mm,10,0,0;0;0;1;0;0,,
CM_ret,0.51872,0.017247,s15,0.71277,2,hit;cr,1;1;1;1;2;2;2;2,SEPT09_MVPA_MASK_resliced4mm,10,0,0;0;0;1;0;0,,
CM_ret,0.51872,0.017247,s16,0.47773,2,hit;cr,1;1;1;1;2;2;2;2,SEPT09_MVPA_MASK_resliced4mm,10,0,0;0;0;1;0;0,,
CM_ret,0.51872,0.017247,s17,0.59245,2,hit;cr,1;1;1;1;2;2;2;2,SEPT09_MVPA_MASK_resliced4mm,10,0,0;0;0;1;0;0,,
CM_ret,0.51872,0.017247,s18,0.42131,2,hit;cr,1;1;1;1;2;2;2;2,SEPT09_MVPA_MASK_resliced4mm,10,0,0;0;0;1;0;0,,
CM_ret,0.51872,0.017247,s19,0.59358,2,hit;cr,1;1;1;1;2;2;2;2,SEPT09_MVPA_MASK_resliced4mm,10,0,0;0;0;1;0;0,,
CM_ret,0.51872,0.017247,s20,0.50461,2,hit;cr,1;1;1;1;2;2;2;2,SEPT09_MVPA_MASK_resliced4mm,10,0,0;0;0;1;0;0,,
CM_ret,0.51872,0.017247,s21,0.48444,2,hit;cr,1;1;1;1;2;2;2;2,SEPT09_MVPA_MASK_resliced4mm,10,0,0;0;0;1;0;0,,
CM_ret,0.51872,0.017247,s22,0.53807,2,hit;cr,1;1;1;1;2;2;2;2,SEPT09_MVPA_MASK_resliced4mm,10,0,0;0;0;1;0;0,,
CM_ret,0.51872,0.017247,s23,0.42724,2,hit;cr,1;1;1;1;2;2;2;2,SEPT09_MVPA_MASK_resliced4mm,10,0,0;0;0;1;0;0,,
CM_ret,0.51872,0.017247,s24,0.5825,2,hit;cr,1;1;1;1;2;2;2;2,SEPT09_MVPA_MASK_resliced4mm,10,0,0;0;0;1;0;0,,
CM_ret,0.54585,0.015585,s01,0.43875,2,hit;cr,1;1;1;1;2;2;2;2,SEPT09_MVPA_MASK_resliced4mm,10,0,0;0;1;0;0;0,,
CM_ret,0.54585,0.015585,s02,NaN,2,hit;cr,1;1;1;1;2;2;2;2,SEPT09_MVPA_MASK_resliced4mm,10,0,0;0;1;0;0;0,,
CM_ret,0.54585,0.015585,s03,0.65694,2,hit;cr,1;1;1;1;2;2;2;2,SEPT09_MVPA_MASK_resliced4mm,10,0,0;0;1;0;0;0,,
CM_ret,0.54585,0.015585,s04,0.48963,2,hit;cr,1;1;1;1;2;2;2;2,SEPT09_MVPA_MASK_resliced4mm,10,0,0;0;1;0;0;0,,
CM_ret,0.54585,0.015585,s05,0.49951,2,hit;cr,1;1;1;1;2;2;2;2,SEPT09_MVPA_MASK_resliced4mm,10,0,0;0;1;0;0;0,,
CM_ret,0.54585,0.015585,s06,0.41038,2,hit;cr,1;1;1;1;2;2;2;2,SEPT09_MVPA_MASK_resliced4mm,10,0,0;0;1;0;0;0,,
CM_ret,0.54585,0.015585,s07,0.46062,2,hit;cr,1;1;1;1;2;2;2;2,SEPT09_MVPA_MASK_resliced4mm,10,0,0;0;1;0;0;0,,
CM_ret,0.54585,0.015585,s08,0.57831,2,hit;cr,1;1;1;1;2;2;2;2,SEPT09_MVPA_MASK_resliced4mm,10,0,0;0;1;0;0;0,,
CM_ret,0.54585,0.015585,s09,0.67548,2,hit;cr,1;1;1;1;2;2;2;2,SEPT09_MVPA_MASK_resliced4mm,10,0,0;0;1;0;0;0,,
CM_ret,0.54585,0.015585,s10,0.57163,2,hit;cr,1;1;1;1;2;2;2;2,SEPT09_MVPA_MASK_resliced4mm,10,0,0;0;1;0;0;0,,
CM_ret,0.54585,0.015585,s11,NaN,2,hit;cr,1;1;1;1;2;2;2;2,SEPT09_MVPA_MASK_resliced4mm,10,0,0;0;1;0;0;0,,
CM_ret,0.54585,0.015585,s12,0.45486,2,hit;cr,1;1;1;1;2;2;2;2,SEPT09_MVPA_MASK_resliced4mm,10,0,0;0;1;0;0;0,,
CM_ret,0.54585,0.015585,s13,0.67065,2,hit;cr,1;1;1;1;2;2;2;2,SEPT09_MVPA_MASK_resliced4mm,10,0,0;0;1;0;0;0,,
CM_ret,0.54585,0.015585,s14,0.59665,2,hit;cr,1;1;1;1;2;2;2;2,SEPT09_MVPA_MASK_resliced4mm,10,0,0;0;1;0;0;0,,
CM_ret,0.54585,0.015585,s15,0.58578,2,hit;cr,1;1;1;1;2;2;2;2,SEPT09_MVPA_MASK_resliced4mm,10,0,0;0;1;0;0;0,,
CM_ret,0.54585,0.015585,s16,0.5611,2,hit;cr,1;1;1;1;2;2;2;2,SEPT09_MVPA_MASK_resliced4mm,10,0,0;0;1;0;0;0,,
CM_ret,0.54585,0.015585,s17,0.50108,2,hit;cr,1;1;1;1;2;2;2;2,SEPT09_MVPA_MASK_resliced4mm,10,0,0;0;1;0;0;0,,
CM_ret,0.54585,0.015585,s18,0.52381,2,hit;cr,1;1;1;1;2;2;2;2,SEPT09_MVPA_MASK_resliced4mm,10,0,0;0;1;0;0;0,,
CM_ret,0.54585,0.015585,s19,0.6154,2,hit;cr,1;1;1;1;2;2;2;2,SEPT09_MVPA_MASK_resliced4mm,10,0,0;0;1;0;0;0,,
CM_ret,0.54585,0.015585,s20,0.45477,2,hit;cr,1;1;1;1;2;2;2;2,SEPT09_MVPA_MASK_resliced4mm,10,0,0;0;1;0;0;0,,
CM_ret,0.54585,0.015585,s21,0.57163,2,hit;cr,1;1;1;1;2;2;2;2,SEPT09_MVPA_MASK_resliced4mm,10,0,0;0;1;0;0;0,,
CM_ret,0.54585,0.015585,s22,0.60314,2,hit;cr,1;1;1;1;2;2;2;2,SEPT09_MVPA_MASK_resliced4mm,10,0,0;0;1;0;0;0,,
CM_ret,0.54585,0.015585,s23,0.55843,2,hit;cr,1;1;1;1;2;2;2;2,SEPT09_MVPA_MASK_resliced4mm,10,0,0;0;1;0;0;0,,
CM_ret,0.54585,0.015585,s24,0.55512,2,hit;cr,1;1;1;1;2;2;2;2,SEPT09_MVPA_MASK_resliced4mm,10,0,0;0;1;0;0;0,,
CM_ret,0.51419,0.0074742,s01,0.45864,2,hit;cr,1;1;1;1;2;2;2;2,SEPT09_MVPA_MASK_resliced4mm,10,0,0;1;0;0;0;0,,
CM_ret,0.51419,0.0074742,s02,NaN,2,hit;cr,1;1;1;1;2;2;2;2,SEPT09_MVPA_MASK_resliced4mm,10,0,0;1;0;0;0;0,,
CM_ret,0.51419,0.0074742,s03,0.50052,2,hit;cr,1;1;1;1;2;2;2;2,SEPT09_MVPA_MASK_resliced4mm,10,0,0;1;0;0;0;0,,
CM_ret,0.51419,0.0074742,s04,0.48692,2,hit;cr,1;1;1;1;2;2;2;2,SEPT09_MVPA_MASK_resliced4mm,10,0,0;1;0;0;0;0,,
CM_ret,0.51419,0.0074742,s05,0.50656,2,hit;cr,1;1;1;1;2;2;2;2,SEPT09_MVPA_MASK_resliced4mm,10,0,0;1;0;0;0;0,,
CM_ret,0.51419,0.0074742,s06,0.43822,2,hit;cr,1;1;1;1;2;2;2;2,SEPT09_MVPA_MASK_resliced4mm,10,0,0;1;0;0;0;0,,
CM_ret,0.51419,0.0074742,s07,0.53578,2,hit;cr,1;1;1;1;2;2;2;2,SEPT09_MVPA_MASK_resliced4mm,10,0,0;1;0;0;0;0,,
CM_ret,0.51419,0.0074742,s08,0.50176,2,hit;cr,1;1;1;1;2;2;2;2,SEPT09_MVPA_MASK_resliced4mm,10,0,0;1;0;0;0;0,,
CM_ret,0.51419,0.0074742,s09,0.61028,2,hit;cr,1;1;1;1;2;2;2;2,SEPT09_MVPA_MASK_resliced4mm,10,0,0;1;0;0;0;0,,
CM_ret,0.51419,0.0074742,s10,0.52545,2,hit;cr,1;1;1;1;2;2;2;2,SEPT09_MVPA_MASK_resliced4mm,10,0,0;1;0;0;0;0,,
CM_ret,0.51419,0.0074742,s11,NaN,2,hit;cr,1;1;1;1;2;2;2;2,SEPT09_MVPA_MASK_resliced4mm,10,0,0;1;0;0;0;0,,
CM_ret,0.51419,0.0074742,s12,0.54217,2,hit;cr,1;1;1;1;2;2;2;2,SEPT09_MVPA_MASK_resliced4mm,10,0,0;1;0;0;0;0,,
CM_ret,0.51419,0.0074742,s13,0.54778,2,hit;cr,1;1;1;1;2;2;2;2,SEPT09_MVPA_MASK_resliced4mm,10,0,0;1;0;0;0;0,,
CM_ret,0.51419,0.0074742,s14,0.52776,2,hit;cr,1;1;1;1;2;2;2;2,SEPT09_MVPA_MASK_resliced4mm,10,0,0;1;0;0;0;0,,
CM_ret,0.51419,0.0074742,s15,0.52156,2,hit;cr,1;1;1;1;2;2;2;2,SEPT09_MVPA_MASK_resliced4mm,10,0,0;1;0;0;0;0,,
CM_ret,0.51419,0.0074742,s16,0.51078,2,hit;cr,1;1;1;1;2;2;2;2,SEPT09_MVPA_MASK_resliced4mm,10,0,0;1;0;0;0;0,,
CM_ret,0.51419,0.0074742,s17,0.50479,2,hit;cr,1;1;1;1;2;2;2;2,SEPT09_MVPA_MASK_resliced4mm,10,0,0;1;0;0;0;0,,
CM_ret,0.51419,0.0074742,s18,0.48435,2,hit;cr,1;1;1;1;2;2;2;2,SEPT09_MVPA_MASK_resliced4mm,10,0,0;1;0;0;0;0,,
CM_ret,0.51419,0.0074742,s19,0.57059,2,hit;cr,1;1;1;1;2;2;2;2,SEPT09_MVPA_MASK_resliced4mm,10,0,0;1;0;0;0;0,,
CM_ret,0.51419,0.0074742,s20,0.49838,2,hit;cr,1;1;1;1;2;2;2;2,SEPT09_MVPA_MASK_resliced4mm,10,0,0;1;0;0;0;0,,
CM_ret,0.51419,0.0074742,s21,0.50112,2,hit;cr,1;1;1;1;2;2;2;2,SEPT09_MVPA_MASK_resliced4mm,10,0,0;1;0;0;0;0,,
CM_ret,0.51419,0.0074742,s22,0.50149,2,hit;cr,1;1;1;1;2;2;2;2,SEPT09_MVPA_MASK_resliced4mm,10,0,0;1;0;0;0;0,,
CM_ret,0.51419,0.0074742,s23,0.5441,2,hit;cr,1;1;1;1;2;2;2;2,SEPT09_MVPA_MASK_resliced4mm,10,0,0;1;0;0;0;0,,
CM_ret,0.51419,0.0074742,s24,0.46218,2,hit;cr,1;1;1;1;2;2;2;2,SEPT09_MVPA_MASK_resliced4mm,10,0,0;1;0;0;0;0,,
CM_ret,0.48863,0.0095981,s01,0.5043,2,hit;cr,1;1;1;1;2;2;2;2,SEPT09_MVPA_MASK_resliced4mm,10,0,1;0;0;0;0;0,,
CM_ret,0.48863,0.0095981,s02,NaN,2,hit;cr,1;1;1;1;2;2;2;2,SEPT09_MVPA_MASK_resliced4mm,10,0,1;0;0;0;0;0,,
CM_ret,0.48863,0.0095981,s03,0.46369,2,hit;cr,1;1;1;1;2;2;2;2,SEPT09_MVPA_MASK_resliced4mm,10,0,1;0;0;0;0;0,,
CM_ret,0.48863,0.0095981,s04,0.50885,2,hit;cr,1;1;1;1;2;2;2;2,SEPT09_MVPA_MASK_resliced4mm,10,0,1;0;0;0;0;0,,
CM_ret,0.48863,0.0095981,s05,0.50357,2,hit;cr,1;1;1;1;2;2;2;2,SEPT09_MVPA_MASK_resliced4mm,10,0,1;0;0;0;0;0,,
CM_ret,0.48863,0.0095981,s06,0.47823,2,hit;cr,1;1;1;1;2;2;2;2,SEPT09_MVPA_MASK_resliced4mm,10,0,1;0;0;0;0;0,,
CM_ret,0.48863,0.0095981,s07,0.50271,2,hit;cr,1;1;1;1;2;2;2;2,SEPT09_MVPA_MASK_resliced4mm,10,0,1;0;0;0;0;0,,
CM_ret,0.48863,0.0095981,s08,0.49623,2,hit;cr,1;1;1;1;2;2;2;2,SEPT09_MVPA_MASK_resliced4mm,10,0,1;0;0;0;0;0,,
CM_ret,0.48863,0.0095981,s09,0.55792,2,hit;cr,1;1;1;1;2;2;2;2,SEPT09_MVPA_MASK_resliced4mm,10,0,1;0;0;0;0;0,,
CM_ret,0.48863,0.0095981,s10,0.415,2,hit;cr,1;1;1;1;2;2;2;2,SEPT09_MVPA_MASK_resliced4mm,10,0,1;0;0;0;0;0,,
CM_ret,0.48863,0.0095981,s11,NaN,2,hit;cr,1;1;1;1;2;2;2;2,SEPT09_MVPA_MASK_resliced4mm,10,0,1;0;0;0;0;0,,
CM_ret,0.48863,0.0095981,s12,0.5139,2,hit;cr,1;1;1;1;2;2;2;2,SEPT09_MVPA_MASK_resliced4mm,10,0,1;0;0;0;0;0,,
CM_ret,0.48863,0.0095981,s13,0.5505,2,hit;cr,1;1;1;1;2;2;2;2,SEPT09_MVPA_MASK_resliced4mm,10,0,1;0;0;0;0;0,,
CM_ret,0.48863,0.0095981,s14,0.44119,2,hit;cr,1;1;1;1;2;2;2;2,SEPT09_MVPA_MASK_resliced4mm,10,0,1;0;0;0;0;0,,
CM_ret,0.48863,0.0095981,s15,0.54388,2,hit;cr,1;1;1;1;2;2;2;2,SEPT09_MVPA_MASK_resliced4mm,10,0,1;0;0;0;0;0,,
CM_ret,0.48863,0.0095981,s16,0.49465,2,hit;cr,1;1;1;1;2;2;2;2,SEPT09_MVPA_MASK_resliced4mm,10,0,1;0;0;0;0;0,,
CM_ret,0.48863,0.0095981,s17,0.4613,2,hit;cr,1;1;1;1;2;2;2;2,SEPT09_MVPA_MASK_resliced4mm,10,0,1;0;0;0;0;0,,
CM_ret,0.48863,0.0095981,s18,0.43953,2,hit;cr,1;1;1;1;2;2;2;2,SEPT09_MVPA_MASK_resliced4mm,10,0,1;0;0;0;0;0,,
CM_ret,0.48863,0.0095981,s19,0.52785,2,hit;cr,1;1;1;1;2;2;2;2,SEPT09_MVPA_MASK_resliced4mm,10,0,1;0;0;0;0;0,,
CM_ret,0.48863,0.0095981,s20,0.50812,2,hit;cr,1;1;1;1;2;2;2;2,SEPT09_MVPA_MASK_resliced4mm,10,0,1;0;0;0;0;0,,
CM_ret,0.48863,0.0095981,s21,0.4619,2,hit;cr,1;1;1;1;2;2;2;2,SEPT09_MVPA_MASK_resliced4mm,10,0,1;0;0;0;0;0,,
CM_ret,0.48863,0.0095981,s22,0.40847,2,hit;cr,1;1;1;1;2;2;2;2,SEPT09_MVPA_MASK_resliced4mm,10,0,1;0;0;0;0;0,,
CM_ret,0.48863,0.0095981,s23,0.46536,2,hit;cr,1;1;1;1;2;2;2;2,SEPT09_MVPA_MASK_resliced4mm,10,0,1;0;0;0;0;0,,
CM_ret,0.48863,0.0095981,s24,0.38968,2,hit;cr,1;1;1;1;2;2;2;2,SEPT09_MVPA_MASK_resliced4mm,10,0,1;0;0;0;0;0,,
CM_ret,0.45855,0.021464,s01,0.43864,2,hit;cr,1;1;1;1;2;2;2;2,SEPT09_MVPA_MASK_resliced4mm.nii,10,0,,0;0;0;1;0;0,0;0;0;0;0;1
CM_ret,0.45855,0.021464,s02,NaN,2,hit;cr,1;1;1;1;2;2;2;2,SEPT09_MVPA_MASK_resliced4mm.nii,10,0,,0;0;0;1;0;0,0;0;0;0;0;1
CM_ret,0.45855,0.021464,s03,0.48991,2,hit;cr,1;1;1;1;2;2;2;2,SEPT09_MVPA_MASK_resliced4mm.nii,10,0,,0;0;0;1;0;0,0;0;0;0;0;1
CM_ret,0.45855,0.021464,s04,0.50865,2,hit;cr,1;1;1;1;2;2;2;2,SEPT09_MVPA_MASK_resliced4mm.nii,10,0,,0;0;0;1;0;0,0;0;0;0;0;1
CM_ret,0.45855,0.021464,s05,0.48802,2,hit;cr,1;1;1;1;2;2;2;2,SEPT09_MVPA_MASK_resliced4mm.nii,10,0,,0;0;0;1;0;0,0;0;0;0;0;1
CM_ret,0.45855,0.021464,s06,0.24892,2,hit;cr,1;1;1;1;2;2;2;2,SEPT09_MVPA_MASK_resliced4mm.nii,10,0,,0;0;0;1;0;0,0;0;0;0;0;1
CM_ret,0.45855,0.021464,s07,0.41568,2,hit;cr,1;1;1;1;2;2;2;2,SEPT09_MVPA_MASK_resliced4mm.nii,10,0,,0;0;0;1;0;0,0;0;0;0;0;1
CM_ret,0.45855,0.021464,s08,0.25924,2,hit;cr,1;1;1;1;2;2;2;2,SEPT09_MVPA_MASK_resliced4mm.nii,10,0,,0;0;0;1;0;0,0;0;0;0;0;1
CM_ret,0.45855,0.021464,s09,0.25078,2,hit;cr,1;1;1;1;2;2;2;2,SEPT09_MVPA_MASK_resliced4mm.nii,10,0,,0;0;0;1;0;0,0;0;0;0;0;1
CM_ret,0.45855,0.021464,s10,0.62821,2,hit;cr,1;1;1;1;2;2;2;2,SEPT09_MVPA_MASK_resliced4mm.nii,10,0,,0;0;0;1;0;0,0;0;0;0;0;1
CM_ret,0.45855,0.021464,s11,NaN,2,hit;cr,1;1;1;1;2;2;2;2,SEPT09_MVPA_MASK_resliced4mm.nii,10,0,,0;0;0;1;0;0,0;0;0;0;0;1
CM_ret,0.45855,0.021464,s12,0.43162,2,hit;cr,1;1;1;1;2;2;2;2,SEPT09_MVPA_MASK_resliced4mm.nii,10,0,,0;0;0;1;0;0,0;0;0;0;0;1
CM_ret,0.45855,0.021464,s13,0.35474,2,hit;cr,1;1;1;1;2;2;2;2,SEPT09_MVPA_MASK_resliced4mm.nii,10,0,,0;0;0;1;0;0,0;0;0;0;0;1
CM_ret,0.45855,0.021464,s14,0.42971,2,hit;cr,1;1;1;1;2;2;2;2,SEPT09_MVPA_MASK_resliced4mm.nii,10,0,,0;0;0;1;0;0,0;0;0;0;0;1
CM_ret,0.45855,0.021464,s15,0.63308,2,hit;cr,1;1;1;1;2;2;2;2,SEPT09_MVPA_MASK_resliced4mm.nii,10,0,,0;0;0;1;0;0,0;0;0;0;0;1
CM_ret,0.45855,0.021464,s16,0.48276,2,hit;cr,1;1;1;1;2;2;2;2,SEPT09_MVPA_MASK_resliced4mm.nii,10,0,,0;0;0;1;0;0,0;0;0;0;0;1
CM_ret,0.45855,0.021464,s17,0.52525,2,hit;cr,1;1;1;1;2;2;2;2,SEPT09_MVPA_MASK_resliced4mm.nii,10,0,,0;0;0;1;0;0,0;0;0;0;0;1
CM_ret,0.45855,0.021464,s18,0.53135,2,hit;cr,1;1;1;1;2;2;2;2,SEPT09_MVPA_MASK_resliced4mm.nii,10,0,,0;0;0;1;0;0,0;0;0;0;0;1
CM_ret,0.45855,0.021464,s19,0.4923,2,hit;cr,1;1;1;1;2;2;2;2,SEPT09_MVPA_MASK_resliced4mm.nii,10,0,,0;0;0;1;0;0,0;0;0;0;0;1
CM_ret,0.45855,0.021464,s20,0.45897,2,hit;cr,1;1;1;1;2;2;2;2,SEPT09_MVPA_MASK_resliced4mm.nii,10,0,,0;0;0;1;0;0,0;0;0;0;0;1
CM_ret,0.45855,0.021464,s21,0.44581,2,hit;cr,1;1;1;1;2;2;2;2,SEPT09_MVPA_MASK_resliced4mm.nii,10,0,,0;0;0;1;0;0,0;0;0;0;0;1
CM_ret,0.45855,0.021464,s22,0.56957,2,hit;cr,1;1;1;1;2;2;2;2,SEPT09_MVPA_MASK_resliced4mm.nii,10,0,,0;0;0;1;0;0,0;0;0;0;0;1
CM_ret,0.45855,0.021464,s23,0.35957,2,hit;cr,1;1;1;1;2;2;2;2,SEPT09_MVPA_MASK_resliced4mm.nii,10,0,,0;0;0;1;0;0,0;0;0;0;0;1
CM_ret,0.45855,0.021464,s24,0.50335,2,hit;cr,1;1;1;1;2;2;2;2,SEPT09_MVPA_MASK_resliced4mm.nii,10,0,,0;0;0;1;0;0,0;0;0;0;0;1
CM_ret,0.46727,0.02151,s01,0.441,2,hit;cr,1;1;1;1;2;2;2;2,SEPT09_MVPA_MASK_resliced4mm.nii,10,0,,0;0;0;1;0;0,0;0;0;0;1;0
CM_ret,0.46727,0.02151,s02,NaN,2,hit;cr,1;1;1;1;2;2;2;2,SEPT09_MVPA_MASK_resliced4mm.nii,10,0,,0;0;0;1;0;0,0;0;0;0;1;0
CM_ret,0.46727,0.02151,s03,0.53643,2,hit;cr,1;1;1;1;2;2;2;2,SEPT09_MVPA_MASK_resliced4mm.nii,10,0,,0;0;0;1;0;0,0;0;0;0;1;0
CM_ret,0.46727,0.02151,s04,0.44102,2,hit;cr,1;1;1;1;2;2;2;2,SEPT09_MVPA_MASK_resliced4mm.nii,10,0,,0;0;0;1;0;0,0;0;0;0;1;0
CM_ret,0.46727,0.02151,s05,0.49763,2,hit;cr,1;1;1;1;2;2;2;2,SEPT09_MVPA_MASK_resliced4mm.nii,10,0,,0;0;0;1;0;0,0;0;0;0;1;0
CM_ret,0.46727,0.02151,s06,0.30487,2,hit;cr,1;1;1;1;2;2;2;2,SEPT09_MVPA_MASK_resliced4mm.nii,10,0,,0;0;0;1;0;0,0;0;0;0;1;0
CM_ret,0.46727,0.02151,s07,0.44405,2,hit;cr,1;1;1;1;2;2;2;2,SEPT09_MVPA_MASK_resliced4mm.nii,10,0,,0;0;0;1;0;0,0;0;0;0;1;0
CM_ret,0.46727,0.02151,s08,0.35188,2,hit;cr,1;1;1;1;2;2;2;2,SEPT09_MVPA_MASK_resliced4mm.nii,10,0,,0;0;0;1;0;0,0;0;0;0;1;0
CM_ret,0.46727,0.02151,s09,0.32909,2,hit;cr,1;1;1;1;2;2;2;2,SEPT09_MVPA_MASK_resliced4mm.nii,10,0,,0;0;0;1;0;0,0;0;0;0;1;0
CM_ret,0.46727,0.02151,s10,0.58929,2,hit;cr,1;1;1;1;2;2;2;2,SEPT09_MVPA_MASK_resliced4mm.nii,10,0,,0;0;0;1;0;0,0;0;0;0;1;0
CM_ret,0.46727,0.02151,s11,NaN,2,hit;cr,1;1;1;1;2;2;2;2,SEPT09_MVPA_MASK_resliced4mm.nii,10,0,,0;0;0;1;0;0,0;0;0;0;1;0
CM_ret,0.46727,0.02151,s12,0.4322,2,hit;cr,1;1;1;1;2;2;2;2,SEPT09_MVPA_MASK_resliced4mm.nii,10,0,,0;0;0;1;0;0,0;0;0;0;1;0
CM_ret,0.46727,0.02151,s13,0.43676,2,hit;cr,1;1;1;1;2;2;2;2,SEPT09_MVPA_MASK_resliced4mm.nii,10,0,,0;0;0;1;0;0,0;0;0;0;1;0
CM_ret,0.46727,0.02151,s14,0.37308,2,hit;cr,1;1;1;1;2;2;2;2,SEPT09_MVPA_MASK_resliced4mm.nii,10,0,,0;0;0;1;0;0,0;0;0;0;1;0
CM_ret,0.46727,0.02151,s15,0.68591,2,hit;cr,1;1;1;1;2;2;2;2,SEPT09_MVPA_MASK_resliced4mm.nii,10,0,,0;0;0;1;0;0,0;0;0;0;1;0
CM_ret,0.46727,0.02151,s16,0.45499,2,hit;cr,1;1;1;1;2;2;2;2,SEPT09_MVPA_MASK_resliced4mm.nii,10,0,,0;0;0;1;0;0,0;0;0;0;1;0
CM_ret,0.46727,0.02151,s17,0.6094,2,hit;cr,1;1;1;1;2;2;2;2,SEPT09_MVPA_MASK_resliced4mm.nii,10,0,,0;0;0;1;0;0,0;0;0;0;1;0
CM_ret,0.46727,0.02151,s18,0.47396,2,hit;cr,1;1;1;1;2;2;2;2,SEPT09_MVPA_MASK_resliced4mm.nii,10,0,,0;0;0;1;0;0,0;0;0;0;1;0
CM_ret,0.46727,0.02151,s19,0.4757,2,hit;cr,1;1;1;1;2;2;2;2,SEPT09_MVPA_MASK_resliced4mm.nii,10,0,,0;0;0;1;0;0,0;0;0;0;1;0
CM_ret,0.46727,0.02151,s20,0.48255,2,hit;cr,1;1;1;1;2;2;2;2,SEPT09_MVPA_MASK_resliced4mm.nii,10,0,,0;0;0;1;0;0,0;0;0;0;1;0
CM_ret,0.46727,0.02151,s21,0.43165,2,hit;cr,1;1;1;1;2;2;2;2,SEPT09_MVPA_MASK_resliced4mm.nii,10,0,,0;0;0;1;0;0,0;0;0;0;1;0
CM_ret,0.46727,0.02151,s22,0.50667,2,hit;cr,1;1;1;1;2;2;2;2,SEPT09_MVPA_MASK_resliced4mm.nii,10,0,,0;0;0;1;0;0,0;0;0;0;1;0
CM_ret,0.46727,0.02151,s23,0.26281,2,hit;cr,1;1;1;1;2;2;2;2,SEPT09_MVPA_MASK_resliced4mm.nii,10,0,,0;0;0;1;0;0,0;0;0;0;1;0
CM_ret,0.46727,0.02151,s24,0.53791,2,hit;cr,1;1;1;1;2;2;2;2,SEPT09_MVPA_MASK_resliced4mm.nii,10,0,,0;0;0;1;0;0,0;0;0;0;1;0
CM_ret,0.51482,0.01778,s01,0.48703,2,hit;cr,1;1;1;1;2;2;2;2,SEPT09_MVPA_MASK_resliced4mm.nii,10,0,,0;0;0;1;0;0,0;0;0;1;0;0
CM_ret,0.51482,0.01778,s02,NaN,2,hit;cr,1;1;1;1;2;2;2;2,SEPT09_MVPA_MASK_resliced4mm.nii,10,0,,0;0;0;1;0;0,0;0;0;1;0;0
CM_ret,0.51482,0.01778,s03,0.55433,2,hit;cr,1;1;1;1;2;2;2;2,SEPT09_MVPA_MASK_resliced4mm.nii,10,0,,0;0;0;1;0;0,0;0;0;1;0;0
CM_ret,0.51482,0.01778,s04,0.44253,2,hit;cr,1;1;1;1;2;2;2;2,SEPT09_MVPA_MASK_resliced4mm.nii,10,0,,0;0;0;1;0;0,0;0;0;1;0;0
CM_ret,0.51482,0.01778,s05,0.40925,2,hit;cr,1;1;1;1;2;2;2;2,SEPT09_MVPA_MASK_resliced4mm.nii,10,0,,0;0;0;1;0;0,0;0;0;1;0;0
CM_ret,0.51482,0.01778,s06,0.39803,2,hit;cr,1;1;1;1;2;2;2;2,SEPT09_MVPA_MASK_resliced4mm.nii,10,0,,0;0;0;1;0;0,0;0;0;1;0;0
CM_ret,0.51482,0.01778,s07,0.42403,2,hit;cr,1;1;1;1;2;2;2;2,SEPT09_MVPA_MASK_resliced4mm.nii,10,0,,0;0;0;1;0;0,0;0;0;1;0;0
CM_ret,0.51482,0.01778,s08,0.46078,2,hit;cr,1;1;1;1;2;2;2;2,SEPT09_MVPA_MASK_resliced4mm.nii,10,0,,0;0;0;1;0;0,0;0;0;1;0;0
CM_ret,0.51482,0.01778,s09,0.59161,2,hit;cr,1;1;1;1;2;2;2;2,SEPT09_MVPA_MASK_resliced4mm.nii,10,0,,0;0;0;1;0;0,0;0;0;1;0;0
CM_ret,0.51482,0.01778,s10,0.62415,2,hit;cr,1;1;1;1;2;2;2;2,SEPT09_MVPA_MASK_resliced4mm.nii,10,0,,0;0;0;1;0;0,0;0;0;1;0;0
CM_ret,0.51482,0.01778,s11,NaN,2,hit;cr,1;1;1;1;2;2;2;2,SEPT09_MVPA_MASK_resliced4mm.nii,10,0,,0;0;0;1;0;0,0;0;0;1;0;0
CM_ret,0.51482,0.01778,s12,0.50104,2,hit;cr,1;1;1;1;2;2;2;2,SEPT09_MVPA_MASK_resliced4mm.nii,10,0,,0;0;0;1;0;0,0;0;0;1;0;0
CM_ret,0.51482,0.01778,s13,0.5748,2,hit;cr,1;1;1;1;2;2;2;2,SEPT09_MVPA_MASK_resliced4mm.nii,10,0,,0;0;0;1;0;0,0;0;0;1;0;0
CM_ret,0.51482,0.01778,s14,0.41003,2,hit;cr,1;1;1;1;2;2;2;2,SEPT09_MVPA_MASK_resliced4mm.nii,10,0,,0;0;0;1;0;0,0;0;0;1;0;0
CM_ret,0.51482,0.01778,s15,0.682,2,hit;cr,1;1;1;1;2;2;2;2,SEPT09_MVPA_MASK_resliced4mm.nii,10,0,,0;0;0;1;0;0,0;0;0;1;0;0
CM_ret,0.51482,0.01778,s16,0.46939,2,hit;cr,1;1;1;1;2;2;2;2,SEPT09_MVPA_MASK_resliced4mm.nii,10,0,,0;0;0;1;0;0,0;0;0;1;0;0
CM_ret,0.51482,0.01778,s17,0.60406,2,hit;cr,1;1;1;1;2;2;2;2,SEPT09_MVPA_MASK_resliced4mm.nii,10,0,,0;0;0;1;0;0,0;0;0;1;0;0
CM_ret,0.51482,0.01778,s18,0.41852,2,hit;cr,1;1;1;1;2;2;2;2,SEPT09_MVPA_MASK_resliced4mm.nii,10,0,,0;0;0;1;0;0,0;0;0;1;0;0
CM_ret,0.51482,0.01778,s19,0.63672,2,hit;cr,1;1;1;1;2;2;2;2,SEPT09_MVPA_MASK_resliced4mm.nii,10,0,,0;0;0;1;0;0,0;0;0;1;0;0
CM_ret,0.51482,0.01778,s20,0.5301,2,hit;cr,1;1;1;1;2;2;2;2,SEPT09_MVPA_MASK_resliced4mm.nii,10,0,,0;0;0;1;0;0,0;0;0;1;0;0
CM_ret,0.51482,0.01778,s21,0.48527,2,hit;cr,1;1;1;1;2;2;2;2,SEPT09_MVPA_MASK_resliced4mm.nii,10,0,,0;0;0;1;0;0,0;0;0;1;0;0
CM_ret,0.51482,0.01778,s22,0.54555,2,hit;cr,1;1;1;1;2;2;2;2,SEPT09_MVPA_MASK_resliced4mm.nii,10,0,,0;0;0;1;0;0,0;0;0;1;0;0
CM_ret,0.51482,0.01778,s23,0.42848,2,hit;cr,1;1;1;1;2;2;2;2,SEPT09_MVPA_MASK_resliced4mm.nii,10,0,,0;0;0;1;0;0,0;0;0;1;0;0
CM_ret,0.51482,0.01778,s24,0.58288,2,hit;cr,1;1;1;1;2;2;2;2,SEPT09_MVPA_MASK_resliced4mm.nii,10,0,,0;0;0;1;0;0,0;0;0;1;0;0
CM_ret,0.54354,0.011312,s01,0.47288,2,hit;cr,1;1;1;1;2;2;2;2,SEPT09_MVPA_MASK_resliced4mm.nii,10,0,,0;0;0;1;0;0,0;0;1;0;0;0
CM_ret,0.54354,0.011312,s02,NaN,2,hit;cr,1;1;1;1;2;2;2;2,SEPT09_MVPA_MASK_resliced4mm.nii,10,0,,0;0;0;1;0;0,0;0;1;0;0;0
CM_ret,0.54354,0.011312,s03,0.62802,2,hit;cr,1;1;1;1;2;2;2;2,SEPT09_MVPA_MASK_resliced4mm.nii,10,0,,0;0;0;1;0;0,0;0;1;0;0;0
CM_ret,0.54354,0.011312,s04,0.51572,2,hit;cr,1;1;1;1;2;2;2;2,SEPT09_MVPA_MASK_resliced4mm.nii,10,0,,0;0;0;1;0;0,0;0;1;0;0;0
CM_ret,0.54354,0.011312,s05,0.58693,2,hit;cr,1;1;1;1;2;2;2;2,SEPT09_MVPA_MASK_resliced4mm.nii,10,0,,0;0;0;1;0;0,0;0;1;0;0;0
CM_ret,0.54354,0.011312,s06,0.50989,2,hit;cr,1;1;1;1;2;2;2;2,SEPT09_MVPA_MASK_resliced4mm.nii,10,0,,0;0;0;1;0;0,0;0;1;0;0;0
CM_ret,0.54354,0.011312,s07,0.51149,2,hit;cr,1;1;1;1;2;2;2;2,SEPT09_MVPA_MASK_resliced4mm.nii,10,0,,0;0;0;1;0;0,0;0;1;0;0;0
CM_ret,0.54354,0.011312,s08,0.56812,2,hit;cr,1;1;1;1;2;2;2;2,SEPT09_MVPA_MASK_resliced4mm.nii,10,0,,0;0;0;1;0;0,0;0;1;0;0;0
CM_ret,0.54354,0.011312,s09,0.63088,2,hit;cr,1;1;1;1;2;2;2;2,SEPT09_MVPA_MASK_resliced4mm.nii,10,0,,0;0;0;1;0;0,0;0;1;0;0;0
CM_ret,0.54354,0.011312,s10,0.59531,2,hit;cr,1;1;1;1;2;2;2;2,SEPT09_MVPA_MASK_resliced4mm.nii,10,0,,0;0;0;1;0;0,0;0;1;0;0;0
CM_ret,0.54354,0.011312,s11,NaN,2,hit;cr,1;1;1;1;2;2;2;2,SEPT09_MVPA_MASK_resliced4mm.nii,10,0,,0;0;0;1;0;0,0;0;1;0;0;0
CM_ret,0.54354,0.011312,s12,0.53988,2,hit;cr,1;1;1;1;2;2;2;2,SEPT09_MVPA_MASK_resliced4mm.nii,10,0,,0;0;0;1;0;0,0;0;1;0;0;0
CM_ret,0.54354,0.011312,s13,0.55115,2,hit;cr,1;1;1;1;2;2;2;2,SEPT09_MVPA_MASK_resliced4mm.nii,10,0,,0;0;0;1;0;0,0;0;1;0;0;0
CM_ret,0.54354,0.011312,s14,0.49463,2,hit;cr,1;1;1;1;2;2;2;2,SEPT09_MVPA_MASK_resliced4mm.nii,10,0,,0;0;0;1;0;0,0;0;1;0;0;0
CM_ret,0.54354,0.011312,s15,0.61589,2,hit;cr,1;1;1;1;2;2;2;2,SEPT09_MVPA_MASK_resliced4mm.nii,10,0,,0;0;0;1;0;0,0;0;1;0;0;0
CM_ret,0.54354,0.011312,s16,0.45911,2,hit;cr,1;1;1;1;2;2;2;2,SEPT09_MVPA_MASK_resliced4mm.nii,10,0,,0;0;0;1;0;0,0;0;1;0;0;0
CM_ret,0.54354,0.011312,s17,0.54278,2,hit;cr,1;1;1;1;2;2;2;2,SEPT09_MVPA_MASK_resliced4mm.nii,10,0,,0;0;0;1;0;0,0;0;1;0;0;0
CM_ret,0.54354,0.011312,s18,0.46,2,hit;cr,1;1;1;1;2;2;2;2,SEPT09_MVPA_MASK_resliced4mm.nii,10,0,,0;0;0;1;0;0,0;0;1;0;0;0
CM_ret,0.54354,0.011312,s19,0.61589,2,hit;cr,1;1;1;1;2;2;2;2,SEPT09_MVPA_MASK_resliced4mm.nii,10,0,,0;0;0;1;0;0,0;0;1;0;0;0
CM_ret,0.54354,0.011312,s20,0.57932,2,hit;cr,1;1;1;1;2;2;2;2,SEPT09_MVPA_MASK_resliced4mm.nii,10,0,,0;0;0;1;0;0,0;0;1;0;0;0
CM_ret,0.54354,0.011312,s21,0.50082,2,hit;cr,1;1;1;1;2;2;2;2,SEPT09_MVPA_MASK_resliced4mm.nii,10,0,,0;0;0;1;0;0,0;0;1;0;0;0
CM_ret,0.54354,0.011312,s22,0.54561,2,hit;cr,1;1;1;1;2;2;2;2,SEPT09_MVPA_MASK_resliced4mm.nii,10,0,,0;0;0;1;0;0,0;0;1;0;0;0
CM_ret,0.54354,0.011312,s23,0.56887,2,hit;cr,1;1;1;1;2;2;2;2,SEPT09_MVPA_MASK_resliced4mm.nii,10,0,,0;0;0;1;0;0,0;0;1;0;0;0
CM_ret,0.54354,0.011312,s24,0.51993,2,hit;cr,1;1;1;1;2;2;2;2,SEPT09_MVPA_MASK_resliced4mm.nii,10,0,,0;0;0;1;0;0,0;0;1;0;0;0
CM_ret,0.50901,0.0097862,s01,0.43753,2,hit;cr,1;1;1;1;2;2;2;2,SEPT09_MVPA_MASK_resliced4mm.nii,10,0,,0;0;0;1;0;0,0;1;0;0;0;0
CM_ret,0.50901,0.0097862,s02,NaN,2,hit;cr,1;1;1;1;2;2;2;2,SEPT09_MVPA_MASK_resliced4mm.nii,10,0,,0;0;0;1;0;0,0;1;0;0;0;0
CM_ret,0.50901,0.0097862,s03,0.46645,2,hit;cr,1;1;1;1;2;2;2;2,SEPT09_MVPA_MASK_resliced4mm.nii,10,0,,0;0;0;1;0;0,0;1;0;0;0;0
CM_ret,0.50901,0.0097862,s04,0.46669,2,hit;cr,1;1;1;1;2;2;2;2,SEPT09_MVPA_MASK_resliced4mm.nii,10,0,,0;0;0;1;0;0,0;1;0;0;0;0
CM_ret,0.50901,0.0097862,s05,0.47431,2,hit;cr,1;1;1;1;2;2;2;2,SEPT09_MVPA_MASK_resliced4mm.nii,10,0,,0;0;0;1;0;0,0;1;0;0;0;0
CM_ret,0.50901,0.0097862,s06,0.53196,2,hit;cr,1;1;1;1;2;2;2;2,SEPT09_MVPA_MASK_resliced4mm.nii,10,0,,0;0;0;1;0;0,0;1;0;0;0;0
CM_ret,0.50901,0.0097862,s07,0.45324,2,hit;cr,1;1;1;1;2;2;2;2,SEPT09_MVPA_MASK_resliced4mm.nii,10,0,,0;0;0;1;0;0,0;1;0;0;0;0
CM_ret,0.50901,0.0097862,s08,0.59475,2,hit;cr,1;1;1;1;2;2;2;2,SEPT09_MVPA_MASK_resliced4mm.nii,10,0,,0;0;0;1;0;0,0;1;0;0;0;0
CM_ret,0.50901,0.0097862,s09,0.58836,2,hit;cr,1;1;1;1;2;2;2;2,SEPT09_MVPA_MASK_resliced4mm.nii,10,0,,0;0;0;1;0;0,0;1;0;0;0;0
CM_ret,0.50901,0.0097862,s10,0.49207,2,hit;cr,1;1;1;1;2;2;2;2,SEPT09_MVPA_MASK_resliced4mm.nii,10,0,,0;0;0;1;0;0,0;1;0;0;0;0
CM_ret,0.50901,0.0097862,s11,NaN,2,hit;cr,1;1;1;1;2;2;2;2,SEPT09_MVPA_MASK_resliced4mm.nii,10,0,,0;0;0;1;0;0,0;1;0;0;0;0
CM_ret,0.50901,0.0097862,s12,0.50239,2,hit;cr,1;1;1;1;2;2;2;2,SEPT09_MVPA_MASK_resliced4mm.nii,10,0,,0;0;0;1;0;0,0;1;0;0;0;0
CM_ret,0.50901,0.0097862,s13,0.54702,2,hit;cr,1;1;1;1;2;2;2;2,SEPT09_MVPA_MASK_resliced4mm.nii,10,0,,0;0;0;1;0;0,0;1;0;0;0;0
CM_ret,0.50901,0.0097862,s14,0.50598,2,hit;cr,1;1;1;1;2;2;2;2,SEPT09_MVPA_MASK_resliced4mm.nii,10,0,,0;0;0;1;0;0,0;1;0;0;0;0
CM_ret,0.50901,0.0097862,s15,0.55348,2,hit;cr,1;1;1;1;2;2;2;2,SEPT09_MVPA_MASK_resliced4mm.nii,10,0,,0;0;0;1;0;0,0;1;0;0;0;0
CM_ret,0.50901,0.0097862,s16,0.48561,2,hit;cr,1;1;1;1;2;2;2;2,SEPT09_MVPA_MASK_resliced4mm.nii,10,0,,0;0;0;1;0;0,0;1;0;0;0;0
CM_ret,0.50901,0.0097862,s17,0.42564,2,hit;cr,1;1;1;1;2;2;2;2,SEPT09_MVPA_MASK_resliced4mm.nii,10,0,,0;0;0;1;0;0,0;1;0;0;0;0
CM_ret,0.50901,0.0097862,s18,0.55243,2,hit;cr,1;1;1;1;2;2;2;2,SEPT09_MVPA_MASK_resliced4mm.nii,10,0,,0;0;0;1;0;0,0;1;0;0;0;0
CM_ret,0.50901,0.0097862,s19,0.5132,2,hit;cr,1;1;1;1;2;2;2;2,SEPT09_MVPA_MASK_resliced4mm.nii,10,0,,0;0;0;1;0;0,0;1;0;0;0;0
CM_ret,0.50901,0.0097862,s20,0.48511,2,hit;cr,1;1;1;1;2;2;2;2,SEPT09_MVPA_MASK_resliced4mm.nii,10,0,,0;0;0;1;0;0,0;1;0;0;0;0
CM_ret,0.50901,0.0097862,s21,0.58483,2,hit;cr,1;1;1;1;2;2;2;2,SEPT09_MVPA_MASK_resliced4mm.nii,10,0,,0;0;0;1;0;0,0;1;0;0;0;0
CM_ret,0.50901,0.0097862,s22,0.47446,2,hit;cr,1;1;1;1;2;2;2;2,SEPT09_MVPA_MASK_resliced4mm.nii,10,0,,0;0;0;1;0;0,0;1;0;0;0;0
CM_ret,0.50901,0.0097862,s23,0.53,2,hit;cr,1;1;1;1;2;2;2;2,SEPT09_MVPA_MASK_resliced4mm.nii,10,0,,0;0;0;1;0;0,0;1;0;0;0;0
CM_ret,0.50901,0.0097862,s24,0.48504,2,hit;cr,1;1;1;1;2;2;2;2,SEPT09_MVPA_MASK_resliced4mm.nii,10,0,,0;0;0;1;0;0,0;1;0;0;0;0
CM_ret,0.50279,0.01166,s01,0.38253,2,hit;cr,1;1;1;1;2;2;2;2,SEPT09_MVPA_MASK_resliced4mm.nii,10,0,,0;0;0;1;0;0,1;0;0;0;0;0
CM_ret,0.50279,0.01166,s02,NaN,2,hit;cr,1;1;1;1;2;2;2;2,SEPT09_MVPA_MASK_resliced4mm.nii,10,0,,0;0;0;1;0;0,1;0;0;0;0;0
CM_ret,0.50279,0.01166,s03,0.47055,2,hit;cr,1;1;1;1;2;2;2;2,SEPT09_MVPA_MASK_resliced4mm.nii,10,0,,0;0;0;1;0;0,1;0;0;0;0;0
CM_ret,0.50279,0.01166,s04,0.49931,2,hit;cr,1;1;1;1;2;2;2;2,SEPT09_MVPA_MASK_resliced4mm.nii,10,0,,0;0;0;1;0;0,1;0;0;0;0;0
CM_ret,0.50279,0.01166,s05,0.44691,2,hit;cr,1;1;1;1;2;2;2;2,SEPT09_MVPA_MASK_resliced4mm.nii,10,0,,0;0;0;1;0;0,1;0;0;0;0;0
CM_ret,0.50279,0.01166,s06,0.58197,2,hit;cr,1;1;1;1;2;2;2;2,SEPT09_MVPA_MASK_resliced4mm.nii,10,0,,0;0;0;1;0;0,1;0;0;0;0;0
CM_ret,0.50279,0.01166,s07,0.52131,2,hit;cr,1;1;1;1;2;2;2;2,SEPT09_MVPA_MASK_resliced4mm.nii,10,0,,0;0;0;1;0;0,1;0;0;0;0;0
CM_ret,0.50279,0.01166,s08,0.57927,2,hit;cr,1;1;1;1;2;2;2;2,SEPT09_MVPA_MASK_resliced4mm.nii,10,0,,0;0;0;1;0;0,1;0;0;0;0;0
CM_ret,0.50279,0.01166,s09,0.56424,2,hit;cr,1;1;1;1;2;2;2;2,SEPT09_MVPA_MASK_resliced4mm.nii,10,0,,0;0;0;1;0;0,1;0;0;0;0;0
CM_ret,0.50279,0.01166,s10,0.42559,2,hit;cr,1;1;1;1;2;2;2;2,SEPT09_MVPA_MASK_resliced4mm.nii,10,0,,0;0;0;1;0;0,1;0;0;0;0;0
CM_ret,0.50279,0.01166,s11,NaN,2,hit;cr,1;1;1;1;2;2;2;2,SEPT09_MVPA_MASK_resliced4mm.nii,10,0,,0;0;0;1;0;0,1;0;0;0;0;0
CM_ret,0.50279,0.01166,s12,0.47602,2,hit;cr,1;1;1;1;2;2;2;2,SEPT09_MVPA_MASK_resliced4mm.nii,10,0,,0;0;0;1;0;0,1;0;0;0;0;0
CM_ret,0.50279,0.01166,s13,0.52206,2,hit;cr,1;1;1;1;2;2;2;2,SEPT09_MVPA_MASK_resliced4mm.nii,10,0,,0;0;0;1;0;0,1;0;0;0;0;0
CM_ret,0.50279,0.01166,s14,0.53395,2,hit;cr,1;1;1;1;2;2;2;2,SEPT09_MVPA_MASK_resliced4mm.nii,10,0,,0;0;0;1;0;0,1;0;0;0;0;0
CM_ret,0.50279,0.01166,s15,0.53872,2,hit;cr,1;1;1;1;2;2;2;2,SEPT09_MVPA_MASK_resliced4mm.nii,10,0,,0;0;0;1;0;0,1;0;0;0;0;0
CM_ret,0.50279,0.01166,s16,0.49668,2,hit;cr,1;1;1;1;2;2;2;2,SEPT09_MVPA_MASK_resliced4mm.nii,10,0,,0;0;0;1;0;0,1;0;0;0;0;0
CM_ret,0.50279,0.01166,s17,0.42177,2,hit;cr,1;1;1;1;2;2;2;2,SEPT09_MVPA_MASK_resliced4mm.nii,10,0,,0;0;0;1;0;0,1;0;0;0;0;0
CM_ret,0.50279,0.01166,s18,0.57468,2,hit;cr,1;1;1;1;2;2;2;2,SEPT09_MVPA_MASK_resliced4mm.nii,10,0,,0;0;0;1;0;0,1;0;0;0;0;0
CM_ret,0.50279,0.01166,s19,0.41101,2,hit;cr,1;1;1;1;2;2;2;2,SEPT09_MVPA_MASK_resliced4mm.nii,10,0,,0;0;0;1;0;0,1;0;0;0;0;0
CM_ret,0.50279,0.01166,s20,0.56091,2,hit;cr,1;1;1;1;2;2;2;2,SEPT09_MVPA_MASK_resliced4mm.nii,10,0,,0;0;0;1;0;0,1;0;0;0;0;0
CM_ret,0.50279,0.01166,s21,0.47881,2,hit;cr,1;1;1;1;2;2;2;2,SEPT09_MVPA_MASK_resliced4mm.nii,10,0,,0;0;0;1;0;0,1;0;0;0;0;0
CM_ret,0.50279,0.01166,s22,0.46371,2,hit;cr,1;1;1;1;2;2;2;2,SEPT09_MVPA_MASK_resliced4mm.nii,10,0,,0;0;0;1;0;0,1;0;0;0;0;0
CM_ret,0.50279,0.01166,s23,0.55149,2,hit;cr,1;1;1;1;2;2;2;2,SEPT09_MVPA_MASK_resliced4mm.nii,10,0,,0;0;0;1;0;0,1;0;0;0;0;0
CM_ret,0.50279,0.01166,s24,0.51183,2,hit;cr,1;1;1;1;2;2;2;2,SEPT09_MVPA_MASK_resliced4mm.nii,10,0,,0;0;0;1;0;0,1;0;0;0;0;0
CM_ret,0.44024,0.024939,s01,0.45058,2,hit;cr,1;1;1;1;2;2;2;2,SEPT09_MVPA_MASK_resliced4mm.nii,10,0,,0;0;1;0;0;0,0;0;0;0;0;1
CM_ret,0.44024,0.024939,s02,NaN,2,hit;cr,1;1;1;1;2;2;2;2,SEPT09_MVPA_MASK_resliced4mm.nii,10,0,,0;0;1;0;0;0,0;0;0;0;0;1
CM_ret,0.44024,0.024939,s03,0.47345,2,hit;cr,1;1;1;1;2;2;2;2,SEPT09_MVPA_MASK_resliced4mm.nii,10,0,,0;0;1;0;0;0,0;0;0;0;0;1
CM_ret,0.44024,0.024939,s04,0.59166,2,hit;cr,1;1;1;1;2;2;2;2,SEPT09_MVPA_MASK_resliced4mm.nii,10,0,,0;0;1;0;0;0,0;0;0;0;0;1
CM_ret,0.44024,0.024939,s05,0.47904,2,hit;cr,1;1;1;1;2;2;2;2,SEPT09_MVPA_MASK_resliced4mm.nii,10,0,,0;0;1;0;0;0,0;0;0;0;0;1
CM_ret,0.44024,0.024939,s06,0.16684,2,hit;cr,1;1;1;1;2;2;2;2,SEPT09_MVPA_MASK_resliced4mm.nii,10,0,,0;0;1;0;0;0,0;0;0;0;0;1
CM_ret,0.44024,0.024939,s07,0.49852,2,hit;cr,1;1;1;1;2;2;2;2,SEPT09_MVPA_MASK_resliced4mm.nii,10,0,,0;0;1;0;0;0,0;0;0;0;0;1
CM_ret,0.44024,0.024939,s08,0.34373,2,hit;cr,1;1;1;1;2;2;2;2,SEPT09_MVPA_MASK_resliced4mm.nii,10,0,,0;0;1;0;0;0,0;0;0;0;0;1
CM_ret,0.44024,0.024939,s09,0.24925,2,hit;cr,1;1;1;1;2;2;2;2,SEPT09_MVPA_MASK_resliced4mm.nii,10,0,,0;0;1;0;0;0,0;0;0;0;0;1
CM_ret,0.44024,0.024939,s10,0.64567,2,hit;cr,1;1;1;1;2;2;2;2,SEPT09_MVPA_MASK_resliced4mm.nii,10,0,,0;0;1;0;0;0,0;0;0;0;0;1
CM_ret,0.44024,0.024939,s11,NaN,2,hit;cr,1;1;1;1;2;2;2;2,SEPT09_MVPA_MASK_resliced4mm.nii,10,0,,0;0;1;0;0;0,0;0;0;0;0;1
CM_ret,0.44024,0.024939,s12,0.35286,2,hit;cr,1;1;1;1;2;2;2;2,SEPT09_MVPA_MASK_resliced4mm.nii,10,0,,0;0;1;0;0;0,0;0;0;0;0;1
CM_ret,0.44024,0.024939,s13,0.35369,2,hit;cr,1;1;1;1;2;2;2;2,SEPT09_MVPA_MASK_resliced4mm.nii,10,0,,0;0;1;0;0;0,0;0;0;0;0;1
CM_ret,0.44024,0.024939,s14,0.47385,2,hit;cr,1;1;1;1;2;2;2;2,SEPT09_MVPA_MASK_resliced4mm.nii,10,0,,0;0;1;0;0;0,0;0;0;0;0;1
CM_ret,0.44024,0.024939,s15,0.61129,2,hit;cr,1;1;1;1;2;2;2;2,SEPT09_MVPA_MASK_resliced4mm.nii,10,0,,0;0;1;0;0;0,0;0;0;0;0;1
CM_ret,0.44024,0.024939,s16,0.52936,2,hit;cr,1;1;1;1;2;2;2;2,SEPT09_MVPA_MASK_resliced4mm.nii,10,0,,0;0;1;0;0;0,0;0;0;0;0;1
CM_ret,0.44024,0.024939,s17,0.43311,2,hit;cr,1;1;1;1;2;2;2;2,SEPT09_MVPA_MASK_resliced4mm.nii,10,0,,0;0;1;0;0;0,0;0;0;0;0;1
CM_ret,0.44024,0.024939,s18,0.5346,2,hit;cr,1;1;1;1;2;2;2;2,SEPT09_MVPA_MASK_resliced4mm.nii,10,0,,0;0;1;0;0;0,0;0;0;0;0;1
CM_ret,0.44024,0.024939,s19,0.32684,2,hit;cr,1;1;1;1;2;2;2;2,SEPT09_MVPA_MASK_resliced4mm.nii,10,0,,0;0;1;0;0;0,0;0;0;0;0;1
CM_ret,0.44024,0.024939,s20,0.45697,2,hit;cr,1;1;1;1;2;2;2;2,SEPT09_MVPA_MASK_resliced4mm.nii,10,0,,0;0;1;0;0;0,0;0;0;0;0;1
CM_ret,0.44024,0.024939,s21,0.29617,2,hit;cr,1;1;1;1;2;2;2;2,SEPT09_MVPA_MASK_resliced4mm.nii,10,0,,0;0;1;0;0;0,0;0;0;0;0;1
CM_ret,0.44024,0.024939,s22,0.59921,2,hit;cr,1;1;1;1;2;2;2;2,SEPT09_MVPA_MASK_resliced4mm.nii,10,0,,0;0;1;0;0;0,0;0;0;0;0;1
CM_ret,0.44024,0.024939,s23,0.33844,2,hit;cr,1;1;1;1;2;2;2;2,SEPT09_MVPA_MASK_resliced4mm.nii,10,0,,0;0;1;0;0;0,0;0;0;0;0;1
CM_ret,0.44024,0.024939,s24,0.3842,2,hit;cr,1;1;1;1;2;2;2;2,SEPT09_MVPA_MASK_resliced4mm.nii,10,0,,0;0;1;0;0;0,0;0;0;0;0;1
CM_ret,0.43393,0.021642,s01,0.49194,2,hit;cr,1;1;1;1;2;2;2;2,SEPT09_MVPA_MASK_resliced4mm.nii,10,0,,0;0;1;0;0;0,0;0;0;0;1;0
CM_ret,0.43393,0.021642,s02,NaN,2,hit;cr,1;1;1;1;2;2;2;2,SEPT09_MVPA_MASK_resliced4mm.nii,10,0,,0;0;1;0;0;0,0;0;0;0;1;0
CM_ret,0.43393,0.021642,s03,0.47352,2,hit;cr,1;1;1;1;2;2;2;2,SEPT09_MVPA_MASK_resliced4mm.nii,10,0,,0;0;1;0;0;0,0;0;0;0;1;0
CM_ret,0.43393,0.021642,s04,0.45193,2,hit;cr,1;1;1;1;2;2;2;2,SEPT09_MVPA_MASK_resliced4mm.nii,10,0,,0;0;1;0;0;0,0;0;0;0;1;0
CM_ret,0.43393,0.021642,s05,0.43835,2,hit;cr,1;1;1;1;2;2;2;2,SEPT09_MVPA_MASK_resliced4mm.nii,10,0,,0;0;1;0;0;0,0;0;0;0;1;0
CM_ret,0.43393,0.021642,s06,0.26537,2,hit;cr,1;1;1;1;2;2;2;2,SEPT09_MVPA_MASK_resliced4mm.nii,10,0,,0;0;1;0;0;0,0;0;0;0;1;0
CM_ret,0.43393,0.021642,s07,0.44693,2,hit;cr,1;1;1;1;2;2;2;2,SEPT09_MVPA_MASK_resliced4mm.nii,10,0,,0;0;1;0;0;0,0;0;0;0;1;0
CM_ret,0.43393,0.021642,s08,0.36652,2,hit;cr,1;1;1;1;2;2;2;2,SEPT09_MVPA_MASK_resliced4mm.nii,10,0,,0;0;1;0;0;0,0;0;0;0;1;0
CM_ret,0.43393,0.021642,s09,0.28048,2,hit;cr,1;1;1;1;2;2;2;2,SEPT09_MVPA_MASK_resliced4mm.nii,10,0,,0;0;1;0;0;0,0;0;0;0;1;0
CM_ret,0.43393,0.021642,s10,0.67093,2,hit;cr,1;1;1;1;2;2;2;2,SEPT09_MVPA_MASK_resliced4mm.nii,10,0,,0;0;1;0;0;0,0;0;0;0;1;0
CM_ret,0.43393,0.021642,s11,NaN,2,hit;cr,1;1;1;1;2;2;2;2,SEPT09_MVPA_MASK_resliced4mm.nii,10,0,,0;0;1;0;0;0,0;0;0;0;1;0
CM_ret,0.43393,0.021642,s12,0.27996,2,hit;cr,1;1;1;1;2;2;2;2,SEPT09_MVPA_MASK_resliced4mm.nii,10,0,,0;0;1;0;0;0,0;0;0;0;1;0
CM_ret,0.43393,0.021642,s13,0.44047,2,hit;cr,1;1;1;1;2;2;2;2,SEPT09_MVPA_MASK_resliced4mm.nii,10,0,,0;0;1;0;0;0,0;0;0;0;1;0
CM_ret,0.43393,0.021642,s14,0.38205,2,hit;cr,1;1;1;1;2;2;2;2,SEPT09_MVPA_MASK_resliced4mm.nii,10,0,,0;0;1;0;0;0,0;0;0;0;1;0
CM_ret,0.43393,0.021642,s15,0.57428,2,hit;cr,1;1;1;1;2;2;2;2,SEPT09_MVPA_MASK_resliced4mm.nii,10,0,,0;0;1;0;0;0,0;0;0;0;1;0
CM_ret,0.43393,0.021642,s16,0.5231,2,hit;cr,1;1;1;1;2;2;2;2,SEPT09_MVPA_MASK_resliced4mm.nii,10,0,,0;0;1;0;0;0,0;0;0;0;1;0
CM_ret,0.43393,0.021642,s17,0.48669,2,hit;cr,1;1;1;1;2;2;2;2,SEPT09_MVPA_MASK_resliced4mm.nii,10,0,,0;0;1;0;0;0,0;0;0;0;1;0
CM_ret,0.43393,0.021642,s18,0.53049,2,hit;cr,1;1;1;1;2;2;2;2,SEPT09_MVPA_MASK_resliced4mm.nii,10,0,,0;0;1;0;0;0,0;0;0;0;1;0
CM_ret,0.43393,0.021642,s19,0.4116,2,hit;cr,1;1;1;1;2;2;2;2,SEPT09_MVPA_MASK_resliced4mm.nii,10,0,,0;0;1;0;0;0,0;0;0;0;1;0
CM_ret,0.43393,0.021642,s20,0.46559,2,hit;cr,1;1;1;1;2;2;2;2,SEPT09_MVPA_MASK_resliced4mm.nii,10,0,,0;0;1;0;0;0,0;0;0;0;1;0
CM_ret,0.43393,0.021642,s21,0.29796,2,hit;cr,1;1;1;1;2;2;2;2,SEPT09_MVPA_MASK_resliced4mm.nii,10,0,,0;0;1;0;0;0,0;0;0;0;1;0
CM_ret,0.43393,0.021642,s22,0.53306,2,hit;cr,1;1;1;1;2;2;2;2,SEPT09_MVPA_MASK_resliced4mm.nii,10,0,,0;0;1;0;0;0,0;0;0;0;1;0
CM_ret,0.43393,0.021642,s23,0.31608,2,hit;cr,1;1;1;1;2;2;2;2,SEPT09_MVPA_MASK_resliced4mm.nii,10,0,,0;0;1;0;0;0,0;0;0;0;1;0
CM_ret,0.43393,0.021642,s24,0.30914,2,hit;cr,1;1;1;1;2;2;2;2,SEPT09_MVPA_MASK_resliced4mm.nii,10,0,,0;0;1;0;0;0,0;0;0;0;1;0
CM_ret,0.47781,0.020779,s01,0.47015,2,hit;cr,1;1;1;1;2;2;2;2,SEPT09_MVPA_MASK_resliced4mm.nii,10,0,,0;0;1;0;0;0,0;0;0;1;0;0
CM_ret,0.47781,0.020779,s02,NaN,2,hit;cr,1;1;1;1;2;2;2;2,SEPT09_MVPA_MASK_resliced4mm.nii,10,0,,0;0;1;0;0;0,0;0;0;1;0;0
CM_ret,0.47781,0.020779,s03,0.555,2,hit;cr,1;1;1;1;2;2;2;2,SEPT09_MVPA_MASK_resliced4mm.nii,10,0,,0;0;1;0;0;0,0;0;0;1;0;0
CM_ret,0.47781,0.020779,s04,0.37842,2,hit;cr,1;1;1;1;2;2;2;2,SEPT09_MVPA_MASK_resliced4mm.nii,10,0,,0;0;1;0;0;0,0;0;0;1;0;0
CM_ret,0.47781,0.020779,s05,0.48635,2,hit;cr,1;1;1;1;2;2;2;2,SEPT09_MVPA_MASK_resliced4mm.nii,10,0,,0;0;1;0;0;0,0;0;0;1;0;0
CM_ret,0.47781,0.020779,s06,0.35509,2,hit;cr,1;1;1;1;2;2;2;2,SEPT09_MVPA_MASK_resliced4mm.nii,10,0,,0;0;1;0;0;0,0;0;0;1;0;0
CM_ret,0.47781,0.020779,s07,0.40299,2,hit;cr,1;1;1;1;2;2;2;2,SEPT09_MVPA_MASK_resliced4mm.nii,10,0,,0;0;1;0;0;0,0;0;0;1;0;0
CM_ret,0.47781,0.020779,s08,0.44456,2,hit;cr,1;1;1;1;2;2;2;2,SEPT09_MVPA_MASK_resliced4mm.nii,10,0,,0;0;1;0;0;0,0;0;0;1;0;0
CM_ret,0.47781,0.020779,s09,0.56331,2,hit;cr,1;1;1;1;2;2;2;2,SEPT09_MVPA_MASK_resliced4mm.nii,10,0,,0;0;1;0;0;0,0;0;0;1;0;0
CM_ret,0.47781,0.020779,s10,0.66584,2,hit;cr,1;1;1;1;2;2;2;2,SEPT09_MVPA_MASK_resliced4mm.nii,10,0,,0;0;1;0;0;0,0;0;0;1;0;0
CM_ret,0.47781,0.020779,s11,NaN,2,hit;cr,1;1;1;1;2;2;2;2,SEPT09_MVPA_MASK_resliced4mm.nii,10,0,,0;0;1;0;0;0,0;0;0;1;0;0
CM_ret,0.47781,0.020779,s12,0.31093,2,hit;cr,1;1;1;1;2;2;2;2,SEPT09_MVPA_MASK_resliced4mm.nii,10,0,,0;0;1;0;0;0,0;0;0;1;0;0
CM_ret,0.47781,0.020779,s13,0.62617,2,hit;cr,1;1;1;1;2;2;2;2,SEPT09_MVPA_MASK_resliced4mm.nii,10,0,,0;0;1;0;0;0,0;0;0;1;0;0
CM_ret,0.47781,0.020779,s14,0.45985,2,hit;cr,1;1;1;1;2;2;2;2,SEPT09_MVPA_MASK_resliced4mm.nii,10,0,,0;0;1;0;0;0,0;0;0;1;0;0
CM_ret,0.47781,0.020779,s15,0.56056,2,hit;cr,1;1;1;1;2;2;2;2,SEPT09_MVPA_MASK_resliced4mm.nii,10,0,,0;0;1;0;0;0,0;0;0;1;0;0
CM_ret,0.47781,0.020779,s16,0.48372,2,hit;cr,1;1;1;1;2;2;2;2,SEPT09_MVPA_MASK_resliced4mm.nii,10,0,,0;0;1;0;0;0,0;0;0;1;0;0
CM_ret,0.47781,0.020779,s17,0.51958,2,hit;cr,1;1;1;1;2;2;2;2,SEPT09_MVPA_MASK_resliced4mm.nii,10,0,,0;0;1;0;0;0,0;0;0;1;0;0
CM_ret,0.47781,0.020779,s18,0.47088,2,hit;cr,1;1;1;1;2;2;2;2,SEPT09_MVPA_MASK_resliced4mm.nii,10,0,,0;0;1;0;0;0,0;0;0;1;0;0
CM_ret,0.47781,0.020779,s19,0.49447,2,hit;cr,1;1;1;1;2;2;2;2,SEPT09_MVPA_MASK_resliced4mm.nii,10,0,,0;0;1;0;0;0,0;0;0;1;0;0
CM_ret,0.47781,0.020779,s20,0.42255,2,hit;cr,1;1;1;1;2;2;2;2,SEPT09_MVPA_MASK_resliced4mm.nii,10,0,,0;0;1;0;0;0,0;0;0;1;0;0
CM_ret,0.47781,0.020779,s21,0.41063,2,hit;cr,1;1;1;1;2;2;2;2,SEPT09_MVPA_MASK_resliced4mm.nii,10,0,,0;0;1;0;0;0,0;0;0;1;0;0
CM_ret,0.47781,0.020779,s22,0.60796,2,hit;cr,1;1;1;1;2;2;2;2,SEPT09_MVPA_MASK_resliced4mm.nii,10,0,,0;0;1;0;0;0,0;0;0;1;0;0
CM_ret,0.47781,0.020779,s23,0.36004,2,hit;cr,1;1;1;1;2;2;2;2,SEPT09_MVPA_MASK_resliced4mm.nii,10,0,,0;0;1;0;0;0,0;0;0;1;0;0
CM_ret,0.47781,0.020779,s24,0.35597,2,hit;cr,1;1;1;1;2;2;2;2,SEPT09_MVPA_MASK_resliced4mm.nii,10,0,,0;0;1;0;0;0,0;0;0;1;0;0
CM_ret,0.54568,0.016179,s01,0.43181,2,hit;cr,1;1;1;1;2;2;2;2,SEPT09_MVPA_MASK_resliced4mm.nii,10,0,,0;0;1;0;0;0,0;0;1;0;0;0
CM_ret,0.54568,0.016179,s02,NaN,2,hit;cr,1;1;1;1;2;2;2;2,SEPT09_MVPA_MASK_resliced4mm.nii,10,0,,0;0;1;0;0;0,0;0;1;0;0;0
CM_ret,0.54568,0.016179,s03,0.62256,2,hit;cr,1;1;1;1;2;2;2;2,SEPT09_MVPA_MASK_resliced4mm.nii,10,0,,0;0;1;0;0;0,0;0;1;0;0;0
CM_ret,0.54568,0.016179,s04,0.47283,2,hit;cr,1;1;1;1;2;2;2;2,SEPT09_MVPA_MASK_resliced4mm.nii,10,0,,0;0;1;0;0;0,0;0;1;0;0;0
CM_ret,0.54568,0.016179,s05,0.50985,2,hit;cr,1;1;1;1;2;2;2;2,SEPT09_MVPA_MASK_resliced4mm.nii,10,0,,0;0;1;0;0;0,0;0;1;0;0;0
CM_ret,0.54568,0.016179,s06,0.42193,2,hit;cr,1;1;1;1;2;2;2;2,SEPT09_MVPA_MASK_resliced4mm.nii,10,0,,0;0;1;0;0;0,0;0;1;0;0;0
CM_ret,0.54568,0.016179,s07,0.45896,2,hit;cr,1;1;1;1;2;2;2;2,SEPT09_MVPA_MASK_resliced4mm.nii,10,0,,0;0;1;0;0;0,0;0;1;0;0;0
CM_ret,0.54568,0.016179,s08,0.58771,2,hit;cr,1;1;1;1;2;2;2;2,SEPT09_MVPA_MASK_resliced4mm.nii,10,0,,0;0;1;0;0;0,0;0;1;0;0;0
CM_ret,0.54568,0.016179,s09,0.68688,2,hit;cr,1;1;1;1;2;2;2;2,SEPT09_MVPA_MASK_resliced4mm.nii,10,0,,0;0;1;0;0;0,0;0;1;0;0;0
CM_ret,0.54568,0.016179,s10,0.57835,2,hit;cr,1;1;1;1;2;2;2;2,SEPT09_MVPA_MASK_resliced4mm.nii,10,0,,0;0;1;0;0;0,0;0;1;0;0;0
CM_ret,0.54568,0.016179,s11,NaN,2,hit;cr,1;1;1;1;2;2;2;2,SEPT09_MVPA_MASK_resliced4mm.nii,10,0,,0;0;1;0;0;0,0;0;1;0;0;0
CM_ret,0.54568,0.016179,s12,0.43349,2,hit;cr,1;1;1;1;2;2;2;2,SEPT09_MVPA_MASK_resliced4mm.nii,10,0,,0;0;1;0;0;0,0;0;1;0;0;0
CM_ret,0.54568,0.016179,s13,0.66962,2,hit;cr,1;1;1;1;2;2;2;2,SEPT09_MVPA_MASK_resliced4mm.nii,10,0,,0;0;1;0;0;0,0;0;1;0;0;0
CM_ret,0.54568,0.016179,s14,0.57541,2,hit;cr,1;1;1;1;2;2;2;2,SEPT09_MVPA_MASK_resliced4mm.nii,10,0,,0;0;1;0;0;0,0;0;1;0;0;0
CM_ret,0.54568,0.016179,s15,0.56484,2,hit;cr,1;1;1;1;2;2;2;2,SEPT09_MVPA_MASK_resliced4mm.nii,10,0,,0;0;1;0;0;0,0;0;1;0;0;0
CM_ret,0.54568,0.016179,s16,0.58067,2,hit;cr,1;1;1;1;2;2;2;2,SEPT09_MVPA_MASK_resliced4mm.nii,10,0,,0;0;1;0;0;0,0;0;1;0;0;0
CM_ret,0.54568,0.016179,s17,0.50733,2,hit;cr,1;1;1;1;2;2;2;2,SEPT09_MVPA_MASK_resliced4mm.nii,10,0,,0;0;1;0;0;0,0;0;1;0;0;0
CM_ret,0.54568,0.016179,s18,0.50217,2,hit;cr,1;1;1;1;2;2;2;2,SEPT09_MVPA_MASK_resliced4mm.nii,10,0,,0;0;1;0;0;0,0;0;1;0;0;0
CM_ret,0.54568,0.016179,s19,0.65361,2,hit;cr,1;1;1;1;2;2;2;2,SEPT09_MVPA_MASK_resliced4mm.nii,10,0,,0;0;1;0;0;0,0;0;1;0;0;0
CM_ret,0.54568,0.016179,s20,0.43935,2,hit;cr,1;1;1;1;2;2;2;2,SEPT09_MVPA_MASK_resliced4mm.nii,10,0,,0;0;1;0;0;0,0;0;1;0;0;0
CM_ret,0.54568,0.016179,s21,0.56777,2,hit;cr,1;1;1;1;2;2;2;2,SEPT09_MVPA_MASK_resliced4mm.nii,10,0,,0;0;1;0;0;0,0;0;1;0;0;0
CM_ret,0.54568,0.016179,s22,0.62336,2,hit;cr,1;1;1;1;2;2;2;2,SEPT09_MVPA_MASK_resliced4mm.nii,10,0,,0;0;1;0;0;0,0;0;1;0;0;0
CM_ret,0.54568,0.016179,s23,0.55554,2,hit;cr,1;1;1;1;2;2;2;2,SEPT09_MVPA_MASK_resliced4mm.nii,10,0,,0;0;1;0;0;0,0;0;1;0;0;0
CM_ret,0.54568,0.016179,s24,0.55331,2,hit;cr,1;1;1;1;2;2;2;2,SEPT09_MVPA_MASK_resliced4mm.nii,10,0,,0;0;1;0;0;0,0;0;1;0;0;0
CM_ret,0.52743,0.012111,s01,0.39978,2,hit;cr,1;1;1;1;2;2;2;2,SEPT09_MVPA_MASK_resliced4mm.nii,10,0,,0;0;1;0;0;0,0;1;0;0;0;0
CM_ret,0.52743,0.012111,s02,NaN,2,hit;cr,1;1;1;1;2;2;2;2,SEPT09_MVPA_MASK_resliced4mm.nii,10,0,,0;0;1;0;0;0,0;1;0;0;0;0
CM_ret,0.52743,0.012111,s03,0.60585,2,hit;cr,1;1;1;1;2;2;2;2,SEPT09_MVPA_MASK_resliced4mm.nii,10,0,,0;0;1;0;0;0,0;1;0;0;0;0
CM_ret,0.52743,0.012111,s04,0.46954,2,hit;cr,1;1;1;1;2;2;2;2,SEPT09_MVPA_MASK_resliced4mm.nii,10,0,,0;0;1;0;0;0,0;1;0;0;0;0
CM_ret,0.52743,0.012111,s05,0.53365,2,hit;cr,1;1;1;1;2;2;2;2,SEPT09_MVPA_MASK_resliced4mm.nii,10,0,,0;0;1;0;0;0,0;1;0;0;0;0
CM_ret,0.52743,0.012111,s06,0.54096,2,hit;cr,1;1;1;1;2;2;2;2,SEPT09_MVPA_MASK_resliced4mm.nii,10,0,,0;0;1;0;0;0,0;1;0;0;0;0
CM_ret,0.52743,0.012111,s07,0.52318,2,hit;cr,1;1;1;1;2;2;2;2,SEPT09_MVPA_MASK_resliced4mm.nii,10,0,,0;0;1;0;0;0,0;1;0;0;0;0
CM_ret,0.52743,0.012111,s08,0.56273,2,hit;cr,1;1;1;1;2;2;2;2,SEPT09_MVPA_MASK_resliced4mm.nii,10,0,,0;0;1;0;0;0,0;1;0;0;0;0
CM_ret,0.52743,0.012111,s09,0.65765,2,hit;cr,1;1;1;1;2;2;2;2,SEPT09_MVPA_MASK_resliced4mm.nii,10,0,,0;0;1;0;0;0,0;1;0;0;0;0
CM_ret,0.52743,0.012111,s10,0.4939,2,hit;cr,1;1;1;1;2;2;2;2,SEPT09_MVPA_MASK_resliced4mm.nii,10,0,,0;0;1;0;0;0,0;1;0;0;0;0
CM_ret,0.52743,0.012111,s11,NaN,2,hit;cr,1;1;1;1;2;2;2;2,SEPT09_MVPA_MASK_resliced4mm.nii,10,0,,0;0;1;0;0;0,0;1;0;0;0;0
CM_ret,0.52743,0.012111,s12,0.52282,2,hit;cr,1;1;1;1;2;2;2;2,SEPT09_MVPA_MASK_resliced4mm.nii,10,0,,0;0;1;0;0;0,0;1;0;0;0;0
CM_ret,0.52743,0.012111,s13,0.52407,2,hit;cr,1;1;1;1;2;2;2;2,SEPT09_MVPA_MASK_resliced4mm.nii,10,0,,0;0;1;0;0;0,0;1;0;0;0;0
CM_ret,0.52743,0.012111,s14,0.55949,2,hit;cr,1;1;1;1;2;2;2;2,SEPT09_MVPA_MASK_resliced4mm.nii,10,0,,0;0;1;0;0;0,0;1;0;0;0;0
CM_ret,0.52743,0.012111,s15,0.47415,2,hit;cr,1;1;1;1;2;2;2;2,SEPT09_MVPA_MASK_resliced4mm.nii,10,0,,0;0;1;0;0;0,0;1;0;0;0;0
CM_ret,0.52743,0.012111,s16,0.51368,2,hit;cr,1;1;1;1;2;2;2;2,SEPT09_MVPA_MASK_resliced4mm.nii,10,0,,0;0;1;0;0;0,0;1;0;0;0;0
CM_ret,0.52743,0.012111,s17,0.44242,2,hit;cr,1;1;1;1;2;2;2;2,SEPT09_MVPA_MASK_resliced4mm.nii,10,0,,0;0;1;0;0;0,0;1;0;0;0;0
CM_ret,0.52743,0.012111,s18,0.52195,2,hit;cr,1;1;1;1;2;2;2;2,SEPT09_MVPA_MASK_resliced4mm.nii,10,0,,0;0;1;0;0;0,0;1;0;0;0;0
CM_ret,0.52743,0.012111,s19,0.6101,2,hit;cr,1;1;1;1;2;2;2;2,SEPT09_MVPA_MASK_resliced4mm.nii,10,0,,0;0;1;0;0;0,0;1;0;0;0;0
CM_ret,0.52743,0.012111,s20,0.4314,2,hit;cr,1;1;1;1;2;2;2;2,SEPT09_MVPA_MASK_resliced4mm.nii,10,0,,0;0;1;0;0;0,0;1;0;0;0;0
CM_ret,0.52743,0.012111,s21,0.50462,2,hit;cr,1;1;1;1;2;2;2;2,SEPT09_MVPA_MASK_resliced4mm.nii,10,0,,0;0;1;0;0;0,0;1;0;0;0;0
CM_ret,0.52743,0.012111,s22,0.51704,2,hit;cr,1;1;1;1;2;2;2;2,SEPT09_MVPA_MASK_resliced4mm.nii,10,0,,0;0;1;0;0;0,0;1;0;0;0;0
CM_ret,0.52743,0.012111,s23,0.58955,2,hit;cr,1;1;1;1;2;2;2;2,SEPT09_MVPA_MASK_resliced4mm.nii,10,0,,0;0;1;0;0;0,0;1;0;0;0;0
CM_ret,0.52743,0.012111,s24,0.53826,2,hit;cr,1;1;1;1;2;2;2;2,SEPT09_MVPA_MASK_resliced4mm.nii,10,0,,0;0;1;0;0;0,0;1;0;0;0;0
CM_ret,0.50666,0.011508,s01,0.41213,2,hit;cr,1;1;1;1;2;2;2;2,SEPT09_MVPA_MASK_resliced4mm.nii,10,0,,0;0;1;0;0;0,1;0;0;0;0;0
CM_ret,0.50666,0.011508,s02,NaN,2,hit;cr,1;1;1;1;2;2;2;2,SEPT09_MVPA_MASK_resliced4mm.nii,10,0,,0;0;1;0;0;0,1;0;0;0;0;0
CM_ret,0.50666,0.011508,s03,0.52835,2,hit;cr,1;1;1;1;2;2;2;2,SEPT09_MVPA_MASK_resliced4mm.nii,10,0,,0;0;1;0;0;0,1;0;0;0;0;0
CM_ret,0.50666,0.011508,s04,0.43836,2,hit;cr,1;1;1;1;2;2;2;2,SEPT09_MVPA_MASK_resliced4mm.nii,10,0,,0;0;1;0;0;0,1;0;0;0;0;0
CM_ret,0.50666,0.011508,s05,0.49405,2,hit;cr,1;1;1;1;2;2;2;2,SEPT09_MVPA_MASK_resliced4mm.nii,10,0,,0;0;1;0;0;0,1;0;0;0;0;0
CM_ret,0.50666,0.011508,s06,0.52186,2,hit;cr,1;1;1;1;2;2;2;2,SEPT09_MVPA_MASK_resliced4mm.nii,10,0,,0;0;1;0;0;0,1;0;0;0;0;0
CM_ret,0.50666,0.011508,s07,0.48234,2,hit;cr,1;1;1;1;2;2;2;2,SEPT09_MVPA_MASK_resliced4mm.nii,10,0,,0;0;1;0;0;0,1;0;0;0;0;0
CM_ret,0.50666,0.011508,s08,0.52719,2,hit;cr,1;1;1;1;2;2;2;2,SEPT09_MVPA_MASK_resliced4mm.nii,10,0,,0;0;1;0;0;0,1;0;0;0;0;0
CM_ret,0.50666,0.011508,s09,0.59176,2,hit;cr,1;1;1;1;2;2;2;2,SEPT09_MVPA_MASK_resliced4mm.nii,10,0,,0;0;1;0;0;0,1;0;0;0;0;0
CM_ret,0.50666,0.011508,s10,0.42074,2,hit;cr,1;1;1;1;2;2;2;2,SEPT09_MVPA_MASK_resliced4mm.nii,10,0,,0;0;1;0;0;0,1;0;0;0;0;0
CM_ret,0.50666,0.011508,s11,NaN,2,hit;cr,1;1;1;1;2;2;2;2,SEPT09_MVPA_MASK_resliced4mm.nii,10,0,,0;0;1;0;0;0,1;0;0;0;0;0
CM_ret,0.50666,0.011508,s12,0.60405,2,hit;cr,1;1;1;1;2;2;2;2,SEPT09_MVPA_MASK_resliced4mm.nii,10,0,,0;0;1;0;0;0,1;0;0;0;0;0
CM_ret,0.50666,0.011508,s13,0.53775,2,hit;cr,1;1;1;1;2;2;2;2,SEPT09_MVPA_MASK_resliced4mm.nii,10,0,,0;0;1;0;0;0,1;0;0;0;0;0
CM_ret,0.50666,0.011508,s14,0.56127,2,hit;cr,1;1;1;1;2;2;2;2,SEPT09_MVPA_MASK_resliced4mm.nii,10,0,,0;0;1;0;0;0,1;0;0;0;0;0
CM_ret,0.50666,0.011508,s15,0.56069,2,hit;cr,1;1;1;1;2;2;2;2,SEPT09_MVPA_MASK_resliced4mm.nii,10,0,,0;0;1;0;0;0,1;0;0;0;0;0
CM_ret,0.50666,0.011508,s16,0.528,2,hit;cr,1;1;1;1;2;2;2;2,SEPT09_MVPA_MASK_resliced4mm.nii,10,0,,0;0;1;0;0;0,1;0;0;0;0;0
CM_ret,0.50666,0.011508,s17,0.4718,2,hit;cr,1;1;1;1;2;2;2;2,SEPT09_MVPA_MASK_resliced4mm.nii,10,0,,0;0;1;0;0;0,1;0;0;0;0;0
CM_ret,0.50666,0.011508,s18,0.54978,2,hit;cr,1;1;1;1;2;2;2;2,SEPT09_MVPA_MASK_resliced4mm.nii,10,0,,0;0;1;0;0;0,1;0;0;0;0;0
CM_ret,0.50666,0.011508,s19,0.45245,2,hit;cr,1;1;1;1;2;2;2;2,SEPT09_MVPA_MASK_resliced4mm.nii,10,0,,0;0;1;0;0;0,1;0;0;0;0;0
CM_ret,0.50666,0.011508,s20,0.48885,2,hit;cr,1;1;1;1;2;2;2;2,SEPT09_MVPA_MASK_resliced4mm.nii,10,0,,0;0;1;0;0;0,1;0;0;0;0;0
CM_ret,0.50666,0.011508,s21,0.53519,2,hit;cr,1;1;1;1;2;2;2;2,SEPT09_MVPA_MASK_resliced4mm.nii,10,0,,0;0;1;0;0;0,1;0;0;0;0;0
CM_ret,0.50666,0.011508,s22,0.396,2,hit;cr,1;1;1;1;2;2;2;2,SEPT09_MVPA_MASK_resliced4mm.nii,10,0,,0;0;1;0;0;0,1;0;0;0;0;0
CM_ret,0.50666,0.011508,s23,0.52835,2,hit;cr,1;1;1;1;2;2;2;2,SEPT09_MVPA_MASK_resliced4mm.nii,10,0,,0;0;1;0;0;0,1;0;0;0;0;0
CM_ret,0.50666,0.011508,s24,0.46616,2,hit;cr,1;1;1;1;2;2;2;2,SEPT09_MVPA_MASK_resliced4mm.nii,10,0,,0;0;1;0;0;0,1;0;0;0;0;0
CM_ret,0.50521,0.019156,s01,0.45735,2,hit;cr,1;1;1;1;2;2;2;2,SEPT09_MVPA_MASK_resliced4mm.nii,10,0,,0;0;0.33;0.34;0.33;0,0;0;0.33;0.34;0.33;0
CM_ret,0.50521,0.019156,s02,NaN,2,hit;cr,1;1;1;1;2;2;2;2,SEPT09_MVPA_MASK_resliced4mm.nii,10,0,,0;0;0.33;0.34;0.33;0,0;0;0.33;0.34;0.33;0
CM_ret,0.50521,0.019156,s03,0.5951,2,hit;cr,1;1;1;1;2;2;2;2,SEPT09_MVPA_MASK_resliced4mm.nii,10,0,,0;0;0.33;0.34;0.33;0,0;0;0.33;0.34;0.33;0
CM_ret,0.50521,0.019156,s04,0.43493,2,hit;cr,1;1;1;1;2;2;2;2,SEPT09_MVPA_MASK_resliced4mm.nii,10,0,,0;0;0.33;0.34;0.33;0,0;0;0.33;0.34;0.33;0
CM_ret,0.50521,0.019156,s05,0.49056,2,hit;cr,1;1;1;1;2;2;2;2,SEPT09_MVPA_MASK_resliced4mm.nii,10,0,,0;0;0.33;0.34;0.33;0,0;0;0.33;0.34;0.33;0
CM_ret,0.50521,0.019156,s06,0.41946,2,hit;cr,1;1;1;1;2;2;2;2,SEPT09_MVPA_MASK_resliced4mm.nii,10,0,,0;0;0.33;0.34;0.33;0,0;0;0.33;0.34;0.33;0
CM_ret,0.50521,0.019156,s07,0.42563,2,hit;cr,1;1;1;1;2;2;2;2,SEPT09_MVPA_MASK_resliced4mm.nii,10,0,,0;0;0.33;0.34;0.33;0,0;0;0.33;0.34;0.33;0
CM_ret,0.50521,0.019156,s08,0.43463,2,hit;cr,1;1;1;1;2;2;2;2,SEPT09_MVPA_MASK_resliced4mm.nii,10,0,,0;0;0.33;0.34;0.33;0,0;0;0.33;0.34;0.33;0
CM_ret,0.50521,0.019156,s09,0.53088,2,hit;cr,1;1;1;1;2;2;2;2,SEPT09_MVPA_MASK_resliced4mm.nii,10,0,,0;0;0.33;0.34;0.33;0,0;0;0.33;0.34;0.33;0
CM_ret,0.50521,0.019156,s10,0.61679,2,hit;cr,1;1;1;1;2;2;2;2,SEPT09_MVPA_MASK_resliced4mm.nii,10,0,,0;0;0.33;0.34;0.33;0,0;0;0.33;0.34;0.33;0
CM_ret,0.50521,0.019156,s11,NaN,2,hit;cr,1;1;1;1;2;2;2;2,SEPT09_MVPA_MASK_resliced4mm.nii,10,0,,0;0;0.33;0.34;0.33;0,0;0;0.33;0.34;0.33;0
CM_ret,0.50521,0.019156,s12,0.47186,2,hit;cr,1;1;1;1;2;2;2;2,SEPT09_MVPA_MASK_resliced4mm.nii,10,0,,0;0;0.33;0.34;0.33;0,0;0;0.33;0.34;0.33;0
CM_ret,0.50521,0.019156,s13,0.61813,2,hit;cr,1;1;1;1;2;2;2;2,SEPT09_MVPA_MASK_resliced4mm.nii,10,0,,0;0;0.33;0.34;0.33;0,0;0;0.33;0.34;0.33;0
CM_ret,0.50521,0.019156,s14,0.36507,2,hit;cr,1;1;1;1;2;2;2;2,SEPT09_MVPA_MASK_resliced4mm.nii,10,0,,0;0;0.33;0.34;0.33;0,0;0;0.33;0.34;0.33;0
CM_ret,0.50521,0.019156,s15,0.68877,2,hit;cr,1;1;1;1;2;2;2;2,SEPT09_MVPA_MASK_resliced4mm.nii,10,0,,0;0;0.33;0.34;0.33;0,0;0;0.33;0.34;0.33;0
CM_ret,0.50521,0.019156,s16,0.51709,2,hit;cr,1;1;1;1;2;2;2;2,SEPT09_MVPA_MASK_resliced4mm.nii,10,0,,0;0;0.33;0.34;0.33;0,0;0;0.33;0.34;0.33;0
CM_ret,0.50521,0.019156,s17,0.62117,2,hit;cr,1;1;1;1;2;2;2;2,SEPT09_MVPA_MASK_resliced4mm.nii,10,0,,0;0;0.33;0.34;0.33;0,0;0;0.33;0.34;0.33;0
CM_ret,0.50521,0.019156,s18,0.46642,2,hit;cr,1;1;1;1;2;2;2;2,SEPT09_MVPA_MASK_resliced4mm.nii,10,0,,0;0;0.33;0.34;0.33;0,0;0;0.33;0.34;0.33;0
CM_ret,0.50521,0.019156,s19,0.58385,2,hit;cr,1;1;1;1;2;2;2;2,SEPT09_MVPA_MASK_resliced4mm.nii,10,0,,0;0;0.33;0.34;0.33;0,0;0;0.33;0.34;0.33;0
CM_ret,0.50521,0.019156,s20,0.4808,2,hit;cr,1;1;1;1;2;2;2;2,SEPT09_MVPA_MASK_resliced4mm.nii,10,0,,0;0;0.33;0.34;0.33;0,0;0;0.33;0.34;0.33;0
CM_ret,0.50521,0.019156,s21,0.47909,2,hit;cr,1;1;1;1;2;2;2;2,SEPT09_MVPA_MASK_resliced4mm.nii,10,0,,0;0;0.33;0.34;0.33;0,0;0;0.33;0.34;0.33;0
CM_ret,0.50521,0.019156,s22,0.53069,2,hit;cr,1;1;1;1;2;2;2;2,SEPT09_MVPA_MASK_resliced4mm.nii,10,0,,0;0;0.33;0.34;0.33;0,0;0;0.33;0.34;0.33;0
CM_ret,0.50521,0.019156,s23,0.32595,2,hit;cr,1;1;1;1;2;2;2;2,SEPT09_MVPA_MASK_resliced4mm.nii,10,0,,0;0;0.33;0.34;0.33;0,0;0;0.33;0.34;0.33;0
CM_ret,0.50521,0.019156,s24,0.46477,2,hit;cr,1;1;1;1;2;2;2;2,SEPT09_MVPA_MASK_resliced4mm.nii,10,0,,0;0;0.33;0.34;0.33;0,0;0;0.33;0.34;0.33;0
CM_ret,0.50461,0.0040421,s01,0.53431,2,hit;cr,1;1;1;1;2;2;2;2,SEPT09_MVPA_MASK_resliced4mm.nii,10,1,,0;0;0;1;0;0,0;0;0;0;0;1
CM_ret,0.50461,0.0040421,s02,NaN,2,hit;cr,1;1;1;1;2;2;2;2,SEPT09_MVPA_MASK_resliced4mm.nii,10,1,,0;0;0;1;0;0,0;0;0;0;0;1
CM_ret,0.50461,0.0040421,s03,0.49431,2,hit;cr,1;1;1;1;2;2;2;2,SEPT09_MVPA_MASK_resliced4mm.nii,10,1,,0;0;0;1;0;0,0;0;0;0;0;1
CM_ret,0.50461,0.0040421,s04,0.49726,2,hit;cr,1;1;1;1;2;2;2;2,SEPT09_MVPA_MASK_resliced4mm.nii,10,1,,0;0;0;1;0;0,0;0;0;0;0;1
CM_ret,0.50461,0.0040421,s05,0.52919,2,hit;cr,1;1;1;1;2;2;2;2,SEPT09_MVPA_MASK_resliced4mm.nii,10,1,,0;0;0;1;0;0,0;0;0;0;0;1
CM_ret,0.50461,0.0040421,s06,0.50635,2,hit;cr,1;1;1;1;2;2;2;2,SEPT09_MVPA_MASK_resliced4mm.nii,10,1,,0;0;0;1;0;0,0;0;0;0;0;1
CM_ret,0.50461,0.0040421,s07,0.53745,2,hit;cr,1;1;1;1;2;2;2;2,SEPT09_MVPA_MASK_resliced4mm.nii,10,1,,0;0;0;1;0;0,0;0;0;0;0;1
CM_ret,0.50461,0.0040421,s08,0.49533,2,hit;cr,1;1;1;1;2;2;2;2,SEPT09_MVPA_MASK_resliced4mm.nii,10,1,,0;0;0;1;0;0,0;0;0;0;0;1
CM_ret,0.50461,0.0040421,s09,0.49908,2,hit;cr,1;1;1;1;2;2;2;2,SEPT09_MVPA_MASK_resliced4mm.nii,10,1,,0;0;0;1;0;0,0;0;0;0;0;1
CM_ret,0.50461,0.0040421,s10,0.47962,2,hit;cr,1;1;1;1;2;2;2;2,SEPT09_MVPA_MASK_resliced4mm.nii,10,1,,0;0;0;1;0;0,0;0;0;0;0;1
CM_ret,0.50461,0.0040421,s11,NaN,2,hit;cr,1;1;1;1;2;2;2;2,SEPT09_MVPA_MASK_resliced4mm.nii,10,1,,0;0;0;1;0;0,0;0;0;0;0;1
CM_ret,0.50461,0.0040421,s12,0.51883,2,hit;cr,1;1;1;1;2;2;2;2,SEPT09_MVPA_MASK_resliced4mm.nii,10,1,,0;0;0;1;0;0,0;0;0;0;0;1
CM_ret,0.50461,0.0040421,s13,0.48119,2,hit;cr,1;1;1;1;2;2;2;2,SEPT09_MVPA_MASK_resliced4mm.nii,10,1,,0;0;0;1;0;0,0;0;0;0;0;1
CM_ret,0.50461,0.0040421,s14,0.4991,2,hit;cr,1;1;1;1;2;2;2;2,SEPT09_MVPA_MASK_resliced4mm.nii,10,1,,0;0;0;1;0;0,0;0;0;0;0;1
CM_ret,0.50461,0.0040421,s15,0.5026,2,hit;cr,1;1;1;1;2;2;2;2,SEPT09_MVPA_MASK_resliced4mm.nii,10,1,,0;0;0;1;0;0,0;0;0;0;0;1
CM_ret,0.50461,0.0040421,s16,0.51327,2,hit;cr,1;1;1;1;2;2;2;2,SEPT09_MVPA_MASK_resliced4mm.nii,10,1,,0;0;0;1;0;0,0;0;0;0;0;1
CM_ret,0.50461,0.0040421,s17,0.50373,2,hit;cr,1;1;1;1;2;2;2;2,SEPT09_MVPA_MASK_resliced4mm.nii,10,1,,0;0;0;1;0;0,0;0;0;0;0;1
CM_ret,0.50461,0.0040421,s18,0.51856,2,hit;cr,1;1;1;1;2;2;2;2,SEPT09_MVPA_MASK_resliced4mm.nii,10,1,,0;0;0;1;0;0,0;0;0;0;0;1
CM_ret,0.50461,0.0040421,s19,0.51586,2,hit;cr,1;1;1;1;2;2;2;2,SEPT09_MVPA_MASK_resliced4mm.nii,10,1,,0;0;0;1;0;0,0;0;0;0;0;1
CM_ret,0.50461,0.0040421,s20,0.46529,2,hit;cr,1;1;1;1;2;2;2;2,SEPT09_MVPA_MASK_resliced4mm.nii,10,1,,0;0;0;1;0;0,0;0;0;0;0;1
CM_ret,0.50461,0.0040421,s21,0.52569,2,hit;cr,1;1;1;1;2;2;2;2,SEPT09_MVPA_MASK_resliced4mm.nii,10,1,,0;0;0;1;0;0,0;0;0;0;0;1
CM_ret,0.50461,0.0040421,s22,0.46497,2,hit;cr,1;1;1;1;2;2;2;2,SEPT09_MVPA_MASK_resliced4mm.nii,10,1,,0;0;0;1;0;0,0;0;0;0;0;1
CM_ret,0.50461,0.0040421,s23,0.52728,2,hit;cr,1;1;1;1;2;2;2;2,SEPT09_MVPA_MASK_resliced4mm.nii,10,1,,0;0;0;1;0;0,0;0;0;0;0;1
CM_ret,0.50461,0.0040421,s24,0.50551,2,hit;cr,1;1;1;1;2;2;2;2,SEPT09_MVPA_MASK_resliced4mm.nii,10,1,,0;0;0;1;0;0,0;0;0;0;0;1
CM_ret,0.50058,0.0033886,s01,0.51608,2,hit;cr,1;1;1;1;2;2;2;2,SEPT09_MVPA_MASK_resliced4mm.nii,10,1,,0;0;0;1;0;0,0;0;0;0;1;0
CM_ret,0.50058,0.0033886,s02,NaN,2,hit;cr,1;1;1;1;2;2;2;2,SEPT09_MVPA_MASK_resliced4mm.nii,10,1,,0;0;0;1;0;0,0;0;0;0;1;0
CM_ret,0.50058,0.0033886,s03,0.48247,2,hit;cr,1;1;1;1;2;2;2;2,SEPT09_MVPA_MASK_resliced4mm.nii,10,1,,0;0;0;1;0;0,0;0;0;0;1;0
CM_ret,0.50058,0.0033886,s04,0.50895,2,hit;cr,1;1;1;1;2;2;2;2,SEPT09_MVPA_MASK_resliced4mm.nii,10,1,,0;0;0;1;0;0,0;0;0;0;1;0
CM_ret,0.50058,0.0033886,s05,0.49591,2,hit;cr,1;1;1;1;2;2;2;2,SEPT09_MVPA_MASK_resliced4mm.nii,10,1,,0;0;0;1;0;0,0;0;0;0;1;0
CM_ret,0.50058,0.0033886,s06,0.47816,2,hit;cr,1;1;1;1;2;2;2;2,SEPT09_MVPA_MASK_resliced4mm.nii,10,1,,0;0;0;1;0;0,0;0;0;0;1;0
CM_ret,0.50058,0.0033886,s07,0.518,2,hit;cr,1;1;1;1;2;2;2;2,SEPT09_MVPA_MASK_resliced4mm.nii,10,1,,0;0;0;1;0;0,0;0;0;0;1;0
CM_ret,0.50058,0.0033886,s08,0.47447,2,hit;cr,1;1;1;1;2;2;2;2,SEPT09_MVPA_MASK_resliced4mm.nii,10,1,,0;0;0;1;0;0,0;0;0;0;1;0
CM_ret,0.50058,0.0033886,s09,0.50822,2,hit;cr,1;1;1;1;2;2;2;2,SEPT09_MVPA_MASK_resliced4mm.nii,10,1,,0;0;0;1;0;0,0;0;0;0;1;0
CM_ret,0.50058,0.0033886,s10,0.49864,2,hit;cr,1;1;1;1;2;2;2;2,SEPT09_MVPA_MASK_resliced4mm.nii,10,1,,0;0;0;1;0;0,0;0;0;0;1;0
CM_ret,0.50058,0.0033886,s11,NaN,2,hit;cr,1;1;1;1;2;2;2;2,SEPT09_MVPA_MASK_resliced4mm.nii,10,1,,0;0;0;1;0;0,0;0;0;0;1;0
CM_ret,0.50058,0.0033886,s12,0.51247,2,hit;cr,1;1;1;1;2;2;2;2,SEPT09_MVPA_MASK_resliced4mm.nii,10,1,,0;0;0;1;0;0,0;0;0;0;1;0
CM_ret,0.50058,0.0033886,s13,0.50215,2,hit;cr,1;1;1;1;2;2;2;2,SEPT09_MVPA_MASK_resliced4mm.nii,10,1,,0;0;0;1;0;0,0;0;0;0;1;0
CM_ret,0.50058,0.0033886,s14,0.52487,2,hit;cr,1;1;1;1;2;2;2;2,SEPT09_MVPA_MASK_resliced4mm.nii,10,1,,0;0;0;1;0;0,0;0;0;0;1;0
CM_ret,0.50058,0.0033886,s15,0.50173,2,hit;cr,1;1;1;1;2;2;2;2,SEPT09_MVPA_MASK_resliced4mm.nii,10,1,,0;0;0;1;0;0,0;0;0;0;1;0
CM_ret,0.50058,0.0033886,s16,0.48223,2,hit;cr,1;1;1;1;2;2;2;2,SEPT09_MVPA_MASK_resliced4mm.nii,10,1,,0;0;0;1;0;0,0;0;0;0;1;0
CM_ret,0.50058,0.0033886,s17,0.51188,2,hit;cr,1;1;1;1;2;2;2;2,SEPT09_MVPA_MASK_resliced4mm.nii,10,1,,0;0;0;1;0;0,0;0;0;0;1;0
CM_ret,0.50058,0.0033886,s18,0.48442,2,hit;cr,1;1;1;1;2;2;2;2,SEPT09_MVPA_MASK_resliced4mm.nii,10,1,,0;0;0;1;0;0,0;0;0;0;1;0
CM_ret,0.50058,0.0033886,s19,0.49095,2,hit;cr,1;1;1;1;2;2;2;2,SEPT09_MVPA_MASK_resliced4mm.nii,10,1,,0;0;0;1;0;0,0;0;0;0;1;0
CM_ret,0.50058,0.0033886,s20,0.53194,2,hit;cr,1;1;1;1;2;2;2;2,SEPT09_MVPA_MASK_resliced4mm.nii,10,1,,0;0;0;1;0;0,0;0;0;0;1;0
CM_ret,0.50058,0.0033886,s21,0.49634,2,hit;cr,1;1;1;1;2;2;2;2,SEPT09_MVPA_MASK_resliced4mm.nii,10,1,,0;0;0;1;0;0,0;0;0;0;1;0
CM_ret,0.50058,0.0033886,s22,0.53308,2,hit;cr,1;1;1;1;2;2;2;2,SEPT09_MVPA_MASK_resliced4mm.nii,10,1,,0;0;0;1;0;0,0;0;0;0;1;0
CM_ret,0.50058,0.0033886,s23,0.48221,2,hit;cr,1;1;1;1;2;2;2;2,SEPT09_MVPA_MASK_resliced4mm.nii,10,1,,0;0;0;1;0;0,0;0;0;0;1;0
CM_ret,0.50058,0.0033886,s24,0.49219,2,hit;cr,1;1;1;1;2;2;2;2,SEPT09_MVPA_MASK_resliced4mm.nii,10,1,,0;0;0;1;0;0,0;0;0;0;1;0
CM_ret,0.5013,0.0038665,s01,0.49908,2,hit;cr,1;1;1;1;2;2;2;2,SEPT09_MVPA_MASK_resliced4mm.nii,10,1,,0;0;0;1;0;0,0;0;0;1;0;0
CM_ret,0.5013,0.0038665,s02,NaN,2,hit;cr,1;1;1;1;2;2;2;2,SEPT09_MVPA_MASK_resliced4mm.nii,10,1,,0;0;0;1;0;0,0;0;0;1;0;0
CM_ret,0.5013,0.0038665,s03,0.47434,2,hit;cr,1;1;1;1;2;2;2;2,SEPT09_MVPA_MASK_resliced4mm.nii,10,1,,0;0;0;1;0;0,0;0;0;1;0;0
CM_ret,0.5013,0.0038665,s04,0.51336,2,hit;cr,1;1;1;1;2;2;2;2,SEPT09_MVPA_MASK_resliced4mm.nii,10,1,,0;0;0;1;0;0,0;0;0;1;0;0
CM_ret,0.5013,0.0038665,s05,0.49109,2,hit;cr,1;1;1;1;2;2;2;2,SEPT09_MVPA_MASK_resliced4mm.nii,10,1,,0;0;0;1;0;0,0;0;0;1;0;0
CM_ret,0.5013,0.0038665,s06,0.52557,2,hit;cr,1;1;1;1;2;2;2;2,SEPT09_MVPA_MASK_resliced4mm.nii,10,1,,0;0;0;1;0;0,0;0;0;1;0;0
CM_ret,0.5013,0.0038665,s07,0.46106,2,hit;cr,1;1;1;1;2;2;2;2,SEPT09_MVPA_MASK_resliced4mm.nii,10,1,,0;0;0;1;0;0,0;0;0;1;0;0
CM_ret,0.5013,0.0038665,s08,0.49865,2,hit;cr,1;1;1;1;2;2;2;2,SEPT09_MVPA_MASK_resliced4mm.nii,10,1,,0;0;0;1;0;0,0;0;0;1;0;0
CM_ret,0.5013,0.0038665,s09,0.51336,2,hit;cr,1;1;1;1;2;2;2;2,SEPT09_MVPA_MASK_resliced4mm.nii,10,1,,0;0;0;1;0;0,0;0;0;1;0;0
CM_ret,0.5013,0.0038665,s10,0.5027,2,hit;cr,1;1;1;1;2;2;2;2,SEPT09_MVPA_MASK_resliced4mm.nii,10,1,,0;0;0;1;0;0,0;0;0;1;0;0
CM_ret,0.5013,0.0038665,s11,NaN,2,hit;cr,1;1;1;1;2;2;2;2,SEPT09_MVPA_MASK_resliced4mm.nii,10,1,,0;0;0;1;0;0,0;0;0;1;0;0
CM_ret,0.5013,0.0038665,s12,0.49087,2,hit;cr,1;1;1;1;2;2;2;2,SEPT09_MVPA_MASK_resliced4mm.nii,10,1,,0;0;0;1;0;0,0;0;0;1;0;0
CM_ret,0.5013,0.0038665,s13,0.47803,2,hit;cr,1;1;1;1;2;2;2;2,SEPT09_MVPA_MASK_resliced4mm.nii,10,1,,0;0;0;1;0;0,0;0;0;1;0;0
CM_ret,0.5013,0.0038665,s14,0.49365,2,hit;cr,1;1;1;1;2;2;2;2,SEPT09_MVPA_MASK_resliced4mm.nii,10,1,,0;0;0;1;0;0,0;0;0;1;0;0
CM_ret,0.5013,0.0038665,s15,0.4782,2,hit;cr,1;1;1;1;2;2;2;2,SEPT09_MVPA_MASK_resliced4mm.nii,10,1,,0;0;0;1;0;0,0;0;0;1;0;0
CM_ret,0.5013,0.0038665,s16,0.54526,2,hit;cr,1;1;1;1;2;2;2;2,SEPT09_MVPA_MASK_resliced4mm.nii,10,1,,0;0;0;1;0;0,0;0;0;1;0;0
CM_ret,0.5013,0.0038665,s17,0.50208,2,hit;cr,1;1;1;1;2;2;2;2,SEPT09_MVPA_MASK_resliced4mm.nii,10,1,,0;0;0;1;0;0,0;0;0;1;0;0
CM_ret,0.5013,0.0038665,s18,0.49134,2,hit;cr,1;1;1;1;2;2;2;2,SEPT09_MVPA_MASK_resliced4mm.nii,10,1,,0;0;0;1;0;0,0;0;0;1;0;0
CM_ret,0.5013,0.0038665,s19,0.49271,2,hit;cr,1;1;1;1;2;2;2;2,SEPT09_MVPA_MASK_resliced4mm.nii,10,1,,0;0;0;1;0;0,0;0;0;1;0;0
CM_ret,0.5013,0.0038665,s20,0.52571,2,hit;cr,1;1;1;1;2;2;2;2,SEPT09_MVPA_MASK_resliced4mm.nii,10,1,,0;0;0;1;0;0,0;0;0;1;0;0
CM_ret,0.5013,0.0038665,s21,0.5064,2,hit;cr,1;1;1;1;2;2;2;2,SEPT09_MVPA_MASK_resliced4mm.nii,10,1,,0;0;0;1;0;0,0;0;0;1;0;0
CM_ret,0.5013,0.0038665,s22,0.52435,2,hit;cr,1;1;1;1;2;2;2;2,SEPT09_MVPA_MASK_resliced4mm.nii,10,1,,0;0;0;1;0;0,0;0;0;1;0;0
CM_ret,0.5013,0.0038665,s23,0.51537,2,hit;cr,1;1;1;1;2;2;2;2,SEPT09_MVPA_MASK_resliced4mm.nii,10,1,,0;0;0;1;0;0,0;0;0;1;0;0
CM_ret,0.5013,0.0038665,s24,0.49124,2,hit;cr,1;1;1;1;2;2;2;2,SEPT09_MVPA_MASK_resliced4mm.nii,10,1,,0;0;0;1;0;0,0;0;0;1;0;0
CM_ret,0.49858,0.0036235,s01,0.50993,2,hit;cr,1;1;1;1;2;2;2;2,SEPT09_MVPA_MASK_resliced4mm.nii,10,1,,0;0;0;1;0;0,0;0;1;0;0;0
CM_ret,0.49858,0.0036235,s02,NaN,2,hit;cr,1;1;1;1;2;2;2;2,SEPT09_MVPA_MASK_resliced4mm.nii,10,1,,0;0;0;1;0;0,0;0;1;0;0;0
CM_ret,0.49858,0.0036235,s03,0.48015,2,hit;cr,1;1;1;1;2;2;2;2,SEPT09_MVPA_MASK_resliced4mm.nii,10,1,,0;0;0;1;0;0,0;0;1;0;0;0
CM_ret,0.49858,0.0036235,s04,0.49854,2,hit;cr,1;1;1;1;2;2;2;2,SEPT09_MVPA_MASK_resliced4mm.nii,10,1,,0;0;0;1;0;0,0;0;1;0;0;0
CM_ret,0.49858,0.0036235,s05,0.48666,2,hit;cr,1;1;1;1;2;2;2;2,SEPT09_MVPA_MASK_resliced4mm.nii,10,1,,0;0;0;1;0;0,0;0;1;0;0;0
CM_ret,0.49858,0.0036235,s06,0.53196,2,hit;cr,1;1;1;1;2;2;2;2,SEPT09_MVPA_MASK_resliced4mm.nii,10,1,,0;0;0;1;0;0,0;0;1;0;0;0
CM_ret,0.49858,0.0036235,s07,0.49531,2,hit;cr,1;1;1;1;2;2;2;2,SEPT09_MVPA_MASK_resliced4mm.nii,10,1,,0;0;0;1;0;0,0;0;1;0;0;0
CM_ret,0.49858,0.0036235,s08,0.53408,2,hit;cr,1;1;1;1;2;2;2;2,SEPT09_MVPA_MASK_resliced4mm.nii,10,1,,0;0;0;1;0;0,0;0;1;0;0;0
CM_ret,0.49858,0.0036235,s09,0.46562,2,hit;cr,1;1;1;1;2;2;2;2,SEPT09_MVPA_MASK_resliced4mm.nii,10,1,,0;0;0;1;0;0,0;0;1;0;0;0
CM_ret,0.49858,0.0036235,s10,0.48806,2,hit;cr,1;1;1;1;2;2;2;2,SEPT09_MVPA_MASK_resliced4mm.nii,10,1,,0;0;0;1;0;0,0;0;1;0;0;0
CM_ret,0.49858,0.0036235,s11,NaN,2,hit;cr,1;1;1;1;2;2;2;2,SEPT09_MVPA_MASK_resliced4mm.nii,10,1,,0;0;0;1;0;0,0;0;1;0;0;0
CM_ret,0.49858,0.0036235,s12,0.4923,2,hit;cr,1;1;1;1;2;2;2;2,SEPT09_MVPA_MASK_resliced4mm.nii,10,1,,0;0;0;1;0;0,0;0;1;0;0;0
CM_ret,0.49858,0.0036235,s13,0.49884,2,hit;cr,1;1;1;1;2;2;2;2,SEPT09_MVPA_MASK_resliced4mm.nii,10,1,,0;0;0;1;0;0,0;0;1;0;0;0
CM_ret,0.49858,0.0036235,s14,0.51886,2,hit;cr,1;1;1;1;2;2;2;2,SEPT09_MVPA_MASK_resliced4mm.nii,10,1,,0;0;0;1;0;0,0;0;1;0;0;0
CM_ret,0.49858,0.0036235,s15,0.49436,2,hit;cr,1;1;1;1;2;2;2;2,SEPT09_MVPA_MASK_resliced4mm.nii,10,1,,0;0;0;1;0;0,0;0;1;0;0;0
CM_ret,0.49858,0.0036235,s16,0.49237,2,hit;cr,1;1;1;1;2;2;2;2,SEPT09_MVPA_MASK_resliced4mm.nii,10,1,,0;0;0;1;0;0,0;0;1;0;0;0
CM_ret,0.49858,0.0036235,s17,0.5004,2,hit;cr,1;1;1;1;2;2;2;2,SEPT09_MVPA_MASK_resliced4mm.nii,10,1,,0;0;0;1;0;0,0;0;1;0;0;0
CM_ret,0.49858,0.0036235,s18,0.49774,2,hit;cr,1;1;1;1;2;2;2;2,SEPT09_MVPA_MASK_resliced4mm.nii,10,1,,0;0;0;1;0;0,0;0;1;0;0;0
CM_ret,0.49858,0.0036235,s19,0.51428,2,hit;cr,1;1;1;1;2;2;2;2,SEPT09_MVPA_MASK_resliced4mm.nii,10,1,,0;0;0;1;0;0,0;0;1;0;0;0
CM_ret,0.49858,0.0036235,s20,0.47932,2,hit;cr,1;1;1;1;2;2;2;2,SEPT09_MVPA_MASK_resliced4mm.nii,10,1,,0;0;0;1;0;0,0;0;1;0;0;0
CM_ret,0.49858,0.0036235,s21,0.50372,2,hit;cr,1;1;1;1;2;2;2;2,SEPT09_MVPA_MASK_resliced4mm.nii,10,1,,0;0;0;1;0;0,0;0;1;0;0;0
CM_ret,0.49858,0.0036235,s22,0.51157,2,hit;cr,1;1;1;1;2;2;2;2,SEPT09_MVPA_MASK_resliced4mm.nii,10,1,,0;0;0;1;0;0,0;0;1;0;0;0
CM_ret,0.49858,0.0036235,s23,0.48686,2,hit;cr,1;1;1;1;2;2;2;2,SEPT09_MVPA_MASK_resliced4mm.nii,10,1,,0;0;0;1;0;0,0;0;1;0;0;0
CM_ret,0.49858,0.0036235,s24,0.46929,2,hit;cr,1;1;1;1;2;2;2;2,SEPT09_MVPA_MASK_resliced4mm.nii,10,1,,0;0;0;1;0;0,0;0;1;0;0;0
CM_ret,0.49961,0.0029228,s01,0.49658,2,hit;cr,1;1;1;1;2;2;2;2,SEPT09_MVPA_MASK_resliced4mm.nii,10,1,,0;0;0;1;0;0,0;1;0;0;0;0
CM_ret,0.49961,0.0029228,s02,NaN,2,hit;cr,1;1;1;1;2;2;2;2,SEPT09_MVPA_MASK_resliced4mm.nii,10,1,,0;0;0;1;0;0,0;1;0;0;0;0
CM_ret,0.49961,0.0029228,s03,0.51572,2,hit;cr,1;1;1;1;2;2;2;2,SEPT09_MVPA_MASK_resliced4mm.nii,10,1,,0;0;0;1;0;0,0;1;0;0;0;0
CM_ret,0.49961,0.0029228,s04,0.49521,2,hit;cr,1;1;1;1;2;2;2;2,SEPT09_MVPA_MASK_resliced4mm.nii,10,1,,0;0;0;1;0;0,0;1;0;0;0;0
CM_ret,0.49961,0.0029228,s05,0.48948,2,hit;cr,1;1;1;1;2;2;2;2,SEPT09_MVPA_MASK_resliced4mm.nii,10,1,,0;0;0;1;0;0,0;1;0;0;0;0
CM_ret,0.49961,0.0029228,s06,0.5031,2,hit;cr,1;1;1;1;2;2;2;2,SEPT09_MVPA_MASK_resliced4mm.nii,10,1,,0;0;0;1;0;0,0;1;0;0;0;0
CM_ret,0.49961,0.0029228,s07,0.50944,2,hit;cr,1;1;1;1;2;2;2;2,SEPT09_MVPA_MASK_resliced4mm.nii,10,1,,0;0;0;1;0;0,0;1;0;0;0;0
CM_ret,0.49961,0.0029228,s08,0.51986,2,hit;cr,1;1;1;1;2;2;2;2,SEPT09_MVPA_MASK_resliced4mm.nii,10,1,,0;0;0;1;0;0,0;1;0;0;0;0
CM_ret,0.49961,0.0029228,s09,0.52772,2,hit;cr,1;1;1;1;2;2;2;2,SEPT09_MVPA_MASK_resliced4mm.nii,10,1,,0;0;0;1;0;0,0;1;0;0;0;0
CM_ret,0.49961,0.0029228,s10,0.50208,2,hit;cr,1;1;1;1;2;2;2;2,SEPT09_MVPA_MASK_resliced4mm.nii,10,1,,0;0;0;1;0;0,0;1;0;0;0;0
CM_ret,0.49961,0.0029228,s11,NaN,2,hit;cr,1;1;1;1;2;2;2;2,SEPT09_MVPA_MASK_resliced4mm.nii,10,1,,0;0;0;1;0;0,0;1;0;0;0;0
CM_ret,0.49961,0.0029228,s12,0.50513,2,hit;cr,1;1;1;1;2;2;2;2,SEPT09_MVPA_MASK_resliced4mm.nii,10,1,,0;0;0;1;0;0,0;1;0;0;0;0
CM_ret,0.49961,0.0029228,s13,0.48207,2,hit;cr,1;1;1;1;2;2;2;2,SEPT09_MVPA_MASK_resliced4mm.nii,10,1,,0;0;0;1;0;0,0;1;0;0;0;0
CM_ret,0.49961,0.0029228,s14,0.49504,2,hit;cr,1;1;1;1;2;2;2;2,SEPT09_MVPA_MASK_resliced4mm.nii,10,1,,0;0;0;1;0;0,0;1;0;0;0;0
CM_ret,0.49961,0.0029228,s15,0.5041,2,hit;cr,1;1;1;1;2;2;2;2,SEPT09_MVPA_MASK_resliced4mm.nii,10,1,,0;0;0;1;0;0,0;1;0;0;0;0
CM_ret,0.49961,0.0029228,s16,0.46807,2,hit;cr,1;1;1;1;2;2;2;2,SEPT09_MVPA_MASK_resliced4mm.nii,10,1,,0;0;0;1;0;0,0;1;0;0;0;0
CM_ret,0.49961,0.0029228,s17,0.48772,2,hit;cr,1;1;1;1;2;2;2;2,SEPT09_MVPA_MASK_resliced4mm.nii,10,1,,0;0;0;1;0;0,0;1;0;0;0;0
CM_ret,0.49961,0.0029228,s18,0.5272,2,hit;cr,1;1;1;1;2;2;2;2,SEPT09_MVPA_MASK_resliced4mm.nii,10,1,,0;0;0;1;0;0,0;1;0;0;0;0
CM_ret,0.49961,0.0029228,s19,0.48457,2,hit;cr,1;1;1;1;2;2;2;2,SEPT09_MVPA_MASK_resliced4mm.nii,10,1,,0;0;0;1;0;0,0;1;0;0;0;0
CM_ret,0.49961,0.0029228,s20,0.48435,2,hit;cr,1;1;1;1;2;2;2;2,SEPT09_MVPA_MASK_resliced4mm.nii,10,1,,0;0;0;1;0;0,0;1;0;0;0;0
CM_ret,0.49961,0.0029228,s21,0.49819,2,hit;cr,1;1;1;1;2;2;2;2,SEPT09_MVPA_MASK_resliced4mm.nii,10,1,,0;0;0;1;0;0,0;1;0;0;0;0
CM_ret,0.49961,0.0029228,s22,0.5027,2,hit;cr,1;1;1;1;2;2;2;2,SEPT09_MVPA_MASK_resliced4mm.nii,10,1,,0;0;0;1;0;0,0;1;0;0;0;0
CM_ret,0.49961,0.0029228,s23,0.50769,2,hit;cr,1;1;1;1;2;2;2;2,SEPT09_MVPA_MASK_resliced4mm.nii,10,1,,0;0;0;1;0;0,0;1;0;0;0;0
CM_ret,0.49961,0.0029228,s24,0.48569,2,hit;cr,1;1;1;1;2;2;2;2,SEPT09_MVPA_MASK_resliced4mm.nii,10,1,,0;0;0;1;0;0,0;1;0;0;0;0
CM_ret,0.4968,0.002948,s01,0.48297,2,hit;cr,1;1;1;1;2;2;2;2,SEPT09_MVPA_MASK_resliced4mm.nii,10,1,,0;0;0;1;0;0,1;0;0;0;0;0
CM_ret,0.4968,0.002948,s02,NaN,2,hit;cr,1;1;1;1;2;2;2;2,SEPT09_MVPA_MASK_resliced4mm.nii,10,1,,0;0;0;1;0;0,1;0;0;0;0;0
CM_ret,0.4968,0.002948,s03,0.49442,2,hit;cr,1;1;1;1;2;2;2;2,SEPT09_MVPA_MASK_resliced4mm.nii,10,1,,0;0;0;1;0;0,1;0;0;0;0;0
CM_ret,0.4968,0.002948,s04,0.48376,2,hit;cr,1;1;1;1;2;2;2;2,SEPT09_MVPA_MASK_resliced4mm.nii,10,1,,0;0;0;1;0;0,1;0;0;0;0;0
CM_ret,0.4968,0.002948,s05,0.52265,2,hit;cr,1;1;1;1;2;2;2;2,SEPT09_MVPA_MASK_resliced4mm.nii,10,1,,0;0;0;1;0;0,1;0;0;0;0;0
CM_ret,0.4968,0.002948,s06,0.49426,2,hit;cr,1;1;1;1;2;2;2;2,SEPT09_MVPA_MASK_resliced4mm.nii,10,1,,0;0;0;1;0;0,1;0;0;0;0;0
CM_ret,0.4968,0.002948,s07,0.51035,2,hit;cr,1;1;1;1;2;2;2;2,SEPT09_MVPA_MASK_resliced4mm.nii,10,1,,0;0;0;1;0;0,1;0;0;0;0;0
CM_ret,0.4968,0.002948,s08,0.47701,2,hit;cr,1;1;1;1;2;2;2;2,SEPT09_MVPA_MASK_resliced4mm.nii,10,1,,0;0;0;1;0;0,1;0;0;0;0;0
CM_ret,0.4968,0.002948,s09,0.52109,2,hit;cr,1;1;1;1;2;2;2;2,SEPT09_MVPA_MASK_resliced4mm.nii,10,1,,0;0;0;1;0;0,1;0;0;0;0;0
CM_ret,0.4968,0.002948,s10,0.4869,2,hit;cr,1;1;1;1;2;2;2;2,SEPT09_MVPA_MASK_resliced4mm.nii,10,1,,0;0;0;1;0;0,1;0;0;0;0;0
CM_ret,0.4968,0.002948,s11,NaN,2,hit;cr,1;1;1;1;2;2;2;2,SEPT09_MVPA_MASK_resliced4mm.nii,10,1,,0;0;0;1;0;0,1;0;0;0;0;0
CM_ret,0.4968,0.002948,s12,0.49762,2,hit;cr,1;1;1;1;2;2;2;2,SEPT09_MVPA_MASK_resliced4mm.nii,10,1,,0;0;0;1;0;0,1;0;0;0;0;0
CM_ret,0.4968,0.002948,s13,0.47579,2,hit;cr,1;1;1;1;2;2;2;2,SEPT09_MVPA_MASK_resliced4mm.nii,10,1,,0;0;0;1;0;0,1;0;0;0;0;0
CM_ret,0.4968,0.002948,s14,0.49455,2,hit;cr,1;1;1;1;2;2;2;2,SEPT09_MVPA_MASK_resliced4mm.nii,10,1,,0;0;0;1;0;0,1;0;0;0;0;0
CM_ret,0.4968,0.002948,s15,0.51117,2,hit;cr,1;1;1;1;2;2;2;2,SEPT09_MVPA_MASK_resliced4mm.nii,10,1,,0;0;0;1;0;0,1;0;0;0;0;0
CM_ret,0.4968,0.002948,s16,0.46647,2,hit;cr,1;1;1;1;2;2;2;2,SEPT09_MVPA_MASK_resliced4mm.nii,10,1,,0;0;0;1;0;0,1;0;0;0;0;0
CM_ret,0.4968,0.002948,s17,0.49231,2,hit;cr,1;1;1;1;2;2;2;2,SEPT09_MVPA_MASK_resliced4mm.nii,10,1,,0;0;0;1;0;0,1;0;0;0;0;0
CM_ret,0.4968,0.002948,s18,0.50608,2,hit;cr,1;1;1;1;2;2;2;2,SEPT09_MVPA_MASK_resliced4mm.nii,10,1,,0;0;0;1;0;0,1;0;0;0;0;0
CM_ret,0.4968,0.002948,s19,0.49843,2,hit;cr,1;1;1;1;2;2;2;2,SEPT09_MVPA_MASK_resliced4mm.nii,10,1,,0;0;0;1;0;0,1;0;0;0;0;0
CM_ret,0.4968,0.002948,s20,0.49612,2,hit;cr,1;1;1;1;2;2;2;2,SEPT09_MVPA_MASK_resliced4mm.nii,10,1,,0;0;0;1;0;0,1;0;0;0;0;0
CM_ret,0.4968,0.002948,s21,0.50136,2,hit;cr,1;1;1;1;2;2;2;2,SEPT09_MVPA_MASK_resliced4mm.nii,10,1,,0;0;0;1;0;0,1;0;0;0;0;0
CM_ret,0.4968,0.002948,s22,0.50416,2,hit;cr,1;1;1;1;2;2;2;2,SEPT09_MVPA_MASK_resliced4mm.nii,10,1,,0;0;0;1;0;0,1;0;0;0;0;0
CM_ret,0.4968,0.002948,s23,0.49189,2,hit;cr,1;1;1;1;2;2;2;2,SEPT09_MVPA_MASK_resliced4mm.nii,10,1,,0;0;0;1;0;0,1;0;0;0;0;0
CM_ret,0.4968,0.002948,s24,0.49352,2,hit;cr,1;1;1;1;2;2;2;2,SEPT09_MVPA_MASK_resliced4mm.nii,10,1,,0;0;0;1;0;0,1;0;0;0;0;0
CM_ret,0.49934,0.0041121,s01,0.5181,2,hit;cr,1;1;1;1;2;2;2;2,SEPT09_MVPA_MASK_resliced4mm.nii,10,1,,0;0;1;0;0;0,0;0;0;0;0;1
CM_ret,0.49934,0.0041121,s02,NaN,2,hit;cr,1;1;1;1;2;2;2;2,SEPT09_MVPA_MASK_resliced4mm.nii,10,1,,0;0;1;0;0;0,0;0;0;0;0;1
CM_ret,0.49934,0.0041121,s03,0.47674,2,hit;cr,1;1;1;1;2;2;2;2,SEPT09_MVPA_MASK_resliced4mm.nii,10,1,,0;0;1;0;0;0,0;0;0;0;0;1
CM_ret,0.49934,0.0041121,s04,0.48241,2,hit;cr,1;1;1;1;2;2;2;2,SEPT09_MVPA_MASK_resliced4mm.nii,10,1,,0;0;1;0;0;0,0;0;0;0;0;1
CM_ret,0.49934,0.0041121,s05,0.53126,2,hit;cr,1;1;1;1;2;2;2;2,SEPT09_MVPA_MASK_resliced4mm.nii,10,1,,0;0;1;0;0;0,0;0;0;0;0;1
CM_ret,0.49934,0.0041121,s06,0.53577,2,hit;cr,1;1;1;1;2;2;2;2,SEPT09_MVPA_MASK_resliced4mm.nii,10,1,,0;0;1;0;0;0,0;0;0;0;0;1
CM_ret,0.49934,0.0041121,s07,0.51712,2,hit;cr,1;1;1;1;2;2;2;2,SEPT09_MVPA_MASK_resliced4mm.nii,10,1,,0;0;1;0;0;0,0;0;0;0;0;1
CM_ret,0.49934,0.0041121,s08,0.52089,2,hit;cr,1;1;1;1;2;2;2;2,SEPT09_MVPA_MASK_resliced4mm.nii,10,1,,0;0;1;0;0;0,0;0;0;0;0;1
CM_ret,0.49934,0.0041121,s09,0.51584,2,hit;cr,1;1;1;1;2;2;2;2,SEPT09_MVPA_MASK_resliced4mm.nii,10,1,,0;0;1;0;0;0,0;0;0;0;0;1
CM_ret,0.49934,0.0041121,s10,0.51275,2,hit;cr,1;1;1;1;2;2;2;2,SEPT09_MVPA_MASK_resliced4mm.nii,10,1,,0;0;1;0;0;0,0;0;0;0;0;1
CM_ret,0.49934,0.0041121,s11,NaN,2,hit;cr,1;1;1;1;2;2;2;2,SEPT09_MVPA_MASK_resliced4mm.nii,10,1,,0;0;1;0;0;0,0;0;0;0;0;1
CM_ret,0.49934,0.0041121,s12,0.48445,2,hit;cr,1;1;1;1;2;2;2;2,SEPT09_MVPA_MASK_resliced4mm.nii,10,1,,0;0;1;0;0;0,0;0;0;0;0;1
CM_ret,0.49934,0.0041121,s13,0.4753,2,hit;cr,1;1;1;1;2;2;2;2,SEPT09_MVPA_MASK_resliced4mm.nii,10,1,,0;0;1;0;0;0,0;0;0;0;0;1
CM_ret,0.49934,0.0041121,s14,0.50115,2,hit;cr,1;1;1;1;2;2;2;2,SEPT09_MVPA_MASK_resliced4mm.nii,10,1,,0;0;1;0;0;0,0;0;0;0;0;1
CM_ret,0.49934,0.0041121,s15,0.4527,2,hit;cr,1;1;1;1;2;2;2;2,SEPT09_MVPA_MASK_resliced4mm.nii,10,1,,0;0;1;0;0;0,0;0;0;0;0;1
CM_ret,0.49934,0.0041121,s16,0.49665,2,hit;cr,1;1;1;1;2;2;2;2,SEPT09_MVPA_MASK_resliced4mm.nii,10,1,,0;0;1;0;0;0,0;0;0;0;0;1
CM_ret,0.49934,0.0041121,s17,0.49283,2,hit;cr,1;1;1;1;2;2;2;2,SEPT09_MVPA_MASK_resliced4mm.nii,10,1,,0;0;1;0;0;0,0;0;0;0;0;1
CM_ret,0.49934,0.0041121,s18,0.47281,2,hit;cr,1;1;1;1;2;2;2;2,SEPT09_MVPA_MASK_resliced4mm.nii,10,1,,0;0;1;0;0;0,0;0;0;0;0;1
CM_ret,0.49934,0.0041121,s19,0.51326,2,hit;cr,1;1;1;1;2;2;2;2,SEPT09_MVPA_MASK_resliced4mm.nii,10,1,,0;0;1;0;0;0,0;0;0;0;0;1
CM_ret,0.49934,0.0041121,s20,0.48637,2,hit;cr,1;1;1;1;2;2;2;2,SEPT09_MVPA_MASK_resliced4mm.nii,10,1,,0;0;1;0;0;0,0;0;0;0;0;1
CM_ret,0.49934,0.0041121,s21,0.50898,2,hit;cr,1;1;1;1;2;2;2;2,SEPT09_MVPA_MASK_resliced4mm.nii,10,1,,0;0;1;0;0;0,0;0;0;0;0;1
CM_ret,0.49934,0.0041121,s22,0.49416,2,hit;cr,1;1;1;1;2;2;2;2,SEPT09_MVPA_MASK_resliced4mm.nii,10,1,,0;0;1;0;0;0,0;0;0;0;0;1
CM_ret,0.49934,0.0041121,s23,0.48608,2,hit;cr,1;1;1;1;2;2;2;2,SEPT09_MVPA_MASK_resliced4mm.nii,10,1,,0;0;1;0;0;0,0;0;0;0;0;1
CM_ret,0.49934,0.0041121,s24,0.49605,2,hit;cr,1;1;1;1;2;2;2;2,SEPT09_MVPA_MASK_resliced4mm.nii,10,1,,0;0;1;0;0;0,0;0;0;0;0;1
CM_ret,0.50012,0.0035399,s01,0.50578,2,hit;cr,1;1;1;1;2;2;2;2,SEPT09_MVPA_MASK_resliced4mm.nii,10,1,,0;0;1;0;0;0,0;0;0;0;1;0
CM_ret,0.50012,0.0035399,s02,NaN,2,hit;cr,1;1;1;1;2;2;2;2,SEPT09_MVPA_MASK_resliced4mm.nii,10,1,,0;0;1;0;0;0,0;0;0;0;1;0
CM_ret,0.50012,0.0035399,s03,0.48718,2,hit;cr,1;1;1;1;2;2;2;2,SEPT09_MVPA_MASK_resliced4mm.nii,10,1,,0;0;1;0;0;0,0;0;0;0;1;0
CM_ret,0.50012,0.0035399,s04,0.50001,2,hit;cr,1;1;1;1;2;2;2;2,SEPT09_MVPA_MASK_resliced4mm.nii,10,1,,0;0;1;0;0;0,0;0;0;0;1;0
CM_ret,0.50012,0.0035399,s05,0.51781,2,hit;cr,1;1;1;1;2;2;2;2,SEPT09_MVPA_MASK_resliced4mm.nii,10,1,,0;0;1;0;0;0,0;0;0;0;1;0
CM_ret,0.50012,0.0035399,s06,0.49399,2,hit;cr,1;1;1;1;2;2;2;2,SEPT09_MVPA_MASK_resliced4mm.nii,10,1,,0;0;1;0;0;0,0;0;0;0;1;0
CM_ret,0.50012,0.0035399,s07,0.49996,2,hit;cr,1;1;1;1;2;2;2;2,SEPT09_MVPA_MASK_resliced4mm.nii,10,1,,0;0;1;0;0;0,0;0;0;0;1;0
CM_ret,0.50012,0.0035399,s08,0.50436,2,hit;cr,1;1;1;1;2;2;2;2,SEPT09_MVPA_MASK_resliced4mm.nii,10,1,,0;0;1;0;0;0,0;0;0;0;1;0
CM_ret,0.50012,0.0035399,s09,0.48393,2,hit;cr,1;1;1;1;2;2;2;2,SEPT09_MVPA_MASK_resliced4mm.nii,10,1,,0;0;1;0;0;0,0;0;0;0;1;0
CM_ret,0.50012,0.0035399,s10,0.5165,2,hit;cr,1;1;1;1;2;2;2;2,SEPT09_MVPA_MASK_resliced4mm.nii,10,1,,0;0;1;0;0;0,0;0;0;0;1;0
CM_ret,0.50012,0.0035399,s11,NaN,2,hit;cr,1;1;1;1;2;2;2;2,SEPT09_MVPA_MASK_resliced4mm.nii,10,1,,0;0;1;0;0;0,0;0;0;0;1;0
CM_ret,0.50012,0.0035399,s12,0.50656,2,hit;cr,1;1;1;1;2;2;2;2,SEPT09_MVPA_MASK_resliced4mm.nii,10,1,,0;0;1;0;0;0,0;0;0;0;1;0
CM_ret,0.50012,0.0035399,s13,0.48215,2,hit;cr,1;1;1;1;2;2;2;2,SEPT09_MVPA_MASK_resliced4mm.nii,10,1,,0;0;1;0;0;0,0;0;0;0;1;0
CM_ret,0.50012,0.0035399,s14,0.48405,2,hit;cr,1;1;1;1;2;2;2;2,SEPT09_MVPA_MASK_resliced4mm.nii,10,1,,0;0;1;0;0;0,0;0;0;0;1;0
CM_ret,0.50012,0.0035399,s15,0.52467,2,hit;cr,1;1;1;1;2;2;2;2,SEPT09_MVPA_MASK_resliced4mm.nii,10,1,,0;0;1;0;0;0,0;0;0;0;1;0
CM_ret,0.50012,0.0035399,s16,0.47681,2,hit;cr,1;1;1;1;2;2;2;2,SEPT09_MVPA_MASK_resliced4mm.nii,10,1,,0;0;1;0;0;0,0;0;0;0;1;0
CM_ret,0.50012,0.0035399,s17,0.48867,2,hit;cr,1;1;1;1;2;2;2;2,SEPT09_MVPA_MASK_resliced4mm.nii,10,1,,0;0;1;0;0;0,0;0;0;0;1;0
CM_ret,0.50012,0.0035399,s18,0.51049,2,hit;cr,1;1;1;1;2;2;2;2,SEPT09_MVPA_MASK_resliced4mm.nii,10,1,,0;0;1;0;0;0,0;0;0;0;1;0
CM_ret,0.50012,0.0035399,s19,0.4819,2,hit;cr,1;1;1;1;2;2;2;2,SEPT09_MVPA_MASK_resliced4mm.nii,10,1,,0;0;1;0;0;0,0;0;0;0;1;0
CM_ret,0.50012,0.0035399,s20,0.53659,2,hit;cr,1;1;1;1;2;2;2;2,SEPT09_MVPA_MASK_resliced4mm.nii,10,1,,0;0;1;0;0;0,0;0;0;0;1;0
CM_ret,0.50012,0.0035399,s21,0.50896,2,hit;cr,1;1;1;1;2;2;2;2,SEPT09_MVPA_MASK_resliced4mm.nii,10,1,,0;0;1;0;0;0,0;0;0;0;1;0
CM_ret,0.50012,0.0035399,s22,0.49087,2,hit;cr,1;1;1;1;2;2;2;2,SEPT09_MVPA_MASK_resliced4mm.nii,10,1,,0;0;1;0;0;0,0;0;0;0;1;0
CM_ret,0.50012,0.0035399,s23,0.52708,2,hit;cr,1;1;1;1;2;2;2;2,SEPT09_MVPA_MASK_resliced4mm.nii,10,1,,0;0;1;0;0;0,0;0;0;0;1;0
CM_ret,0.50012,0.0035399,s24,0.47182,2,hit;cr,1;1;1;1;2;2;2;2,SEPT09_MVPA_MASK_resliced4mm.nii,10,1,,0;0;1;0;0;0,0;0;0;0;1;0
CM_ret,0.49299,0.0028441,s01,0.5052,2,hit;cr,1;1;1;1;2;2;2;2,SEPT09_MVPA_MASK_resliced4mm.nii,10,1,,0;0;1;0;0;0,0;0;0;1;0;0
CM_ret,0.49299,0.0028441,s02,NaN,2,hit;cr,1;1;1;1;2;2;2;2,SEPT09_MVPA_MASK_resliced4mm.nii,10,1,,0;0;1;0;0;0,0;0;0;1;0;0
CM_ret,0.49299,0.0028441,s03,0.4842,2,hit;cr,1;1;1;1;2;2;2;2,SEPT09_MVPA_MASK_resliced4mm.nii,10,1,,0;0;1;0;0;0,0;0;0;1;0;0
CM_ret,0.49299,0.0028441,s04,0.48799,2,hit;cr,1;1;1;1;2;2;2;2,SEPT09_MVPA_MASK_resliced4mm.nii,10,1,,0;0;1;0;0;0,0;0;0;1;0;0
CM_ret,0.49299,0.0028441,s05,0.50113,2,hit;cr,1;1;1;1;2;2;2;2,SEPT09_MVPA_MASK_resliced4mm.nii,10,1,,0;0;1;0;0;0,0;0;0;1;0;0
CM_ret,0.49299,0.0028441,s06,0.47949,2,hit;cr,1;1;1;1;2;2;2;2,SEPT09_MVPA_MASK_resliced4mm.nii,10,1,,0;0;1;0;0;0,0;0;0;1;0;0
CM_ret,0.49299,0.0028441,s07,0.48169,2,hit;cr,1;1;1;1;2;2;2;2,SEPT09_MVPA_MASK_resliced4mm.nii,10,1,,0;0;1;0;0;0,0;0;0;1;0;0
CM_ret,0.49299,0.0028441,s08,0.48383,2,hit;cr,1;1;1;1;2;2;2;2,SEPT09_MVPA_MASK_resliced4mm.nii,10,1,,0;0;1;0;0;0,0;0;0;1;0;0
CM_ret,0.49299,0.0028441,s09,0.49477,2,hit;cr,1;1;1;1;2;2;2;2,SEPT09_MVPA_MASK_resliced4mm.nii,10,1,,0;0;1;0;0;0,0;0;0;1;0;0
CM_ret,0.49299,0.0028441,s10,0.4948,2,hit;cr,1;1;1;1;2;2;2;2,SEPT09_MVPA_MASK_resliced4mm.nii,10,1,,0;0;1;0;0;0,0;0;0;1;0;0
CM_ret,0.49299,0.0028441,s11,NaN,2,hit;cr,1;1;1;1;2;2;2;2,SEPT09_MVPA_MASK_resliced4mm.nii,10,1,,0;0;1;0;0;0,0;0;0;1;0;0
CM_ret,0.49299,0.0028441,s12,0.49682,2,hit;cr,1;1;1;1;2;2;2;2,SEPT09_MVPA_MASK_resliced4mm.nii,10,1,,0;0;1;0;0;0,0;0;0;1;0;0
CM_ret,0.49299,0.0028441,s13,0.49829,2,hit;cr,1;1;1;1;2;2;2;2,SEPT09_MVPA_MASK_resliced4mm.nii,10,1,,0;0;1;0;0;0,0;0;0;1;0;0
CM_ret,0.49299,0.0028441,s14,0.5012,2,hit;cr,1;1;1;1;2;2;2;2,SEPT09_MVPA_MASK_resliced4mm.nii,10,1,,0;0;1;0;0;0,0;0;0;1;0;0
CM_ret,0.49299,0.0028441,s15,0.46109,2,hit;cr,1;1;1;1;2;2;2;2,SEPT09_MVPA_MASK_resliced4mm.nii,10,1,,0;0;1;0;0;0,0;0;0;1;0;0
CM_ret,0.49299,0.0028441,s16,0.52743,2,hit;cr,1;1;1;1;2;2;2;2,SEPT09_MVPA_MASK_resliced4mm.nii,10,1,,0;0;1;0;0;0,0;0;0;1;0;0
CM_ret,0.49299,0.0028441,s17,0.49968,2,hit;cr,1;1;1;1;2;2;2;2,SEPT09_MVPA_MASK_resliced4mm.nii,10,1,,0;0;1;0;0;0,0;0;0;1;0;0
CM_ret,0.49299,0.0028441,s18,0.48822,2,hit;cr,1;1;1;1;2;2;2;2,SEPT09_MVPA_MASK_resliced4mm.nii,10,1,,0;0;1;0;0;0,0;0;0;1;0;0
CM_ret,0.49299,0.0028441,s19,0.47956,2,hit;cr,1;1;1;1;2;2;2;2,SEPT09_MVPA_MASK_resliced4mm.nii,10,1,,0;0;1;0;0;0,0;0;0;1;0;0
CM_ret,0.49299,0.0028441,s20,0.48438,2,hit;cr,1;1;1;1;2;2;2;2,SEPT09_MVPA_MASK_resliced4mm.nii,10,1,,0;0;1;0;0;0,0;0;0;1;0;0
CM_ret,0.49299,0.0028441,s21,0.50397,2,hit;cr,1;1;1;1;2;2;2;2,SEPT09_MVPA_MASK_resliced4mm.nii,10,1,,0;0;1;0;0;0,0;0;0;1;0;0
CM_ret,0.49299,0.0028441,s22,0.51172,2,hit;cr,1;1;1;1;2;2;2;2,SEPT09_MVPA_MASK_resliced4mm.nii,10,1,,0;0;1;0;0;0,0;0;0;1;0;0
CM_ret,0.49299,0.0028441,s23,0.47549,2,hit;cr,1;1;1;1;2;2;2;2,SEPT09_MVPA_MASK_resliced4mm.nii,10,1,,0;0;1;0;0;0,0;0;0;1;0;0
CM_ret,0.49299,0.0028441,s24,0.51001,2,hit;cr,1;1;1;1;2;2;2;2,SEPT09_MVPA_MASK_resliced4mm.nii,10,1,,0;0;1;0;0;0,0;0;0;1;0;0
CM_ret,0.49603,0.0042436,s01,0.52048,2,hit;cr,1;1;1;1;2;2;2;2,SEPT09_MVPA_MASK_resliced4mm.nii,10,1,,0;0;1;0;0;0,0;0;1;0;0;0
CM_ret,0.49603,0.0042436,s02,NaN,2,hit;cr,1;1;1;1;2;2;2;2,SEPT09_MVPA_MASK_resliced4mm.nii,10,1,,0;0;1;0;0;0,0;0;1;0;0;0
CM_ret,0.49603,0.0042436,s03,0.51663,2,hit;cr,1;1;1;1;2;2;2;2,SEPT09_MVPA_MASK_resliced4mm.nii,10,1,,0;0;1;0;0;0,0;0;1;0;0;0
CM_ret,0.49603,0.0042436,s04,0.48414,2,hit;cr,1;1;1;1;2;2;2;2,SEPT09_MVPA_MASK_resliced4mm.nii,10,1,,0;0;1;0;0;0,0;0;1;0;0;0
CM_ret,0.49603,0.0042436,s05,0.50043,2,hit;cr,1;1;1;1;2;2;2;2,SEPT09_MVPA_MASK_resliced4mm.nii,10,1,,0;0;1;0;0;0,0;0;1;0;0;0
CM_ret,0.49603,0.0042436,s06,0.48494,2,hit;cr,1;1;1;1;2;2;2;2,SEPT09_MVPA_MASK_resliced4mm.nii,10,1,,0;0;1;0;0;0,0;0;1;0;0;0
CM_ret,0.49603,0.0042436,s07,0.47197,2,hit;cr,1;1;1;1;2;2;2;2,SEPT09_MVPA_MASK_resliced4mm.nii,10,1,,0;0;1;0;0;0,0;0;1;0;0;0
CM_ret,0.49603,0.0042436,s08,0.49487,2,hit;cr,1;1;1;1;2;2;2;2,SEPT09_MVPA_MASK_resliced4mm.nii,10,1,,0;0;1;0;0;0,0;0;1;0;0;0
CM_ret,0.49603,0.0042436,s09,0.52511,2,hit;cr,1;1;1;1;2;2;2;2,SEPT09_MVPA_MASK_resliced4mm.nii,10,1,,0;0;1;0;0;0,0;0;1;0;0;0
CM_ret,0.49603,0.0042436,s10,0.44064,2,hit;cr,1;1;1;1;2;2;2;2,SEPT09_MVPA_MASK_resliced4mm.nii,10,1,,0;0;1;0;0;0,0;0;1;0;0;0
CM_ret,0.49603,0.0042436,s11,NaN,2,hit;cr,1;1;1;1;2;2;2;2,SEPT09_MVPA_MASK_resliced4mm.nii,10,1,,0;0;1;0;0;0,0;0;1;0;0;0
CM_ret,0.49603,0.0042436,s12,0.49492,2,hit;cr,1;1;1;1;2;2;2;2,SEPT09_MVPA_MASK_resliced4mm.nii,10,1,,0;0;1;0;0;0,0;0;1;0;0;0
CM_ret,0.49603,0.0042436,s13,0.49257,2,hit;cr,1;1;1;1;2;2;2;2,SEPT09_MVPA_MASK_resliced4mm.nii,10,1,,0;0;1;0;0;0,0;0;1;0;0;0
CM_ret,0.49603,0.0042436,s14,0.50941,2,hit;cr,1;1;1;1;2;2;2;2,SEPT09_MVPA_MASK_resliced4mm.nii,10,1,,0;0;1;0;0;0,0;0;1;0;0;0
CM_ret,0.49603,0.0042436,s15,0.48617,2,hit;cr,1;1;1;1;2;2;2;2,SEPT09_MVPA_MASK_resliced4mm.nii,10,1,,0;0;1;0;0;0,0;0;1;0;0;0
CM_ret,0.49603,0.0042436,s16,0.47606,2,hit;cr,1;1;1;1;2;2;2;2,SEPT09_MVPA_MASK_resliced4mm.nii,10,1,,0;0;1;0;0;0,0;0;1;0;0;0
CM_ret,0.49603,0.0042436,s17,0.49446,2,hit;cr,1;1;1;1;2;2;2;2,SEPT09_MVPA_MASK_resliced4mm.nii,10,1,,0;0;1;0;0;0,0;0;1;0;0;0
CM_ret,0.49603,0.0042436,s18,0.51989,2,hit;cr,1;1;1;1;2;2;2;2,SEPT09_MVPA_MASK_resliced4mm.nii,10,1,,0;0;1;0;0;0,0;0;1;0;0;0
CM_ret,0.49603,0.0042436,s19,0.47299,2,hit;cr,1;1;1;1;2;2;2;2,SEPT09_MVPA_MASK_resliced4mm.nii,10,1,,0;0;1;0;0;0,0;0;1;0;0;0
CM_ret,0.49603,0.0042436,s20,0.53237,2,hit;cr,1;1;1;1;2;2;2;2,SEPT09_MVPA_MASK_resliced4mm.nii,10,1,,0;0;1;0;0;0,0;0;1;0;0;0
CM_ret,0.49603,0.0042436,s21,0.49732,2,hit;cr,1;1;1;1;2;2;2;2,SEPT09_MVPA_MASK_resliced4mm.nii,10,1,,0;0;1;0;0;0,0;0;1;0;0;0
CM_ret,0.49603,0.0042436,s22,0.50808,2,hit;cr,1;1;1;1;2;2;2;2,SEPT09_MVPA_MASK_resliced4mm.nii,10,1,,0;0;1;0;0;0,0;0;1;0;0;0
CM_ret,0.49603,0.0042436,s23,0.48266,2,hit;cr,1;1;1;1;2;2;2;2,SEPT09_MVPA_MASK_resliced4mm.nii,10,1,,0;0;1;0;0;0,0;0;1;0;0;0
CM_ret,0.49603,0.0042436,s24,0.51801,2,hit;cr,1;1;1;1;2;2;2;2,SEPT09_MVPA_MASK_resliced4mm.nii,10,1,,0;0;1;0;0;0,0;0;1;0;0;0
CM_ret,0.49537,0.0043598,s01,0.50714,2,hit;cr,1;1;1;1;2;2;2;2,SEPT09_MVPA_MASK_resliced4mm.nii,10,1,,0;0;1;0;0;0,0;1;0;0;0;0
CM_ret,0.49537,0.0043598,s02,NaN,2,hit;cr,1;1;1;1;2;2;2;2,SEPT09_MVPA_MASK_resliced4mm.nii,10,1,,0;0;1;0;0;0,0;1;0;0;0;0
CM_ret,0.49537,0.0043598,s03,0.49722,2,hit;cr,1;1;1;1;2;2;2;2,SEPT09_MVPA_MASK_resliced4mm.nii,10,1,,0;0;1;0;0;0,0;1;0;0;0;0
CM_ret,0.49537,0.0043598,s04,0.4893,2,hit;cr,1;1;1;1;2;2;2;2,SEPT09_MVPA_MASK_resliced4mm.nii,10,1,,0;0;1;0;0;0,0;1;0;0;0;0
CM_ret,0.49537,0.0043598,s05,0.49692,2,hit;cr,1;1;1;1;2;2;2;2,SEPT09_MVPA_MASK_resliced4mm.nii,10,1,,0;0;1;0;0;0,0;1;0;0;0;0
CM_ret,0.49537,0.0043598,s06,0.44245,2,hit;cr,1;1;1;1;2;2;2;2,SEPT09_MVPA_MASK_resliced4mm.nii,10,1,,0;0;1;0;0;0,0;1;0;0;0;0
CM_ret,0.49537,0.0043598,s07,0.49639,2,hit;cr,1;1;1;1;2;2;2;2,SEPT09_MVPA_MASK_resliced4mm.nii,10,1,,0;0;1;0;0;0,0;1;0;0;0;0
CM_ret,0.49537,0.0043598,s08,0.51667,2,hit;cr,1;1;1;1;2;2;2;2,SEPT09_MVPA_MASK_resliced4mm.nii,10,1,,0;0;1;0;0;0,0;1;0;0;0;0
CM_ret,0.49537,0.0043598,s09,0.4909,2,hit;cr,1;1;1;1;2;2;2;2,SEPT09_MVPA_MASK_resliced4mm.nii,10,1,,0;0;1;0;0;0,0;1;0;0;0;0
CM_ret,0.49537,0.0043598,s10,0.47659,2,hit;cr,1;1;1;1;2;2;2;2,SEPT09_MVPA_MASK_resliced4mm.nii,10,1,,0;0;1;0;0;0,0;1;0;0;0;0
CM_ret,0.49537,0.0043598,s11,NaN,2,hit;cr,1;1;1;1;2;2;2;2,SEPT09_MVPA_MASK_resliced4mm.nii,10,1,,0;0;1;0;0;0,0;1;0;0;0;0
CM_ret,0.49537,0.0043598,s12,0.49589,2,hit;cr,1;1;1;1;2;2;2;2,SEPT09_MVPA_MASK_resliced4mm.nii,10,1,,0;0;1;0;0;0,0;1;0;0;0;0
CM_ret,0.49537,0.0043598,s13,0.49078,2,hit;cr,1;1;1;1;2;2;2;2,SEPT09_MVPA_MASK_resliced4mm.nii,10,1,,0;0;1;0;0;0,0;1;0;0;0;0
CM_ret,0.49537,0.0043598,s14,0.50557,2,hit;cr,1;1;1;1;2;2;2;2,SEPT09_MVPA_MASK_resliced4mm.nii,10,1,,0;0;1;0;0;0,0;1;0;0;0;0
CM_ret,0.49537,0.0043598,s15,0.5121,2,hit;cr,1;1;1;1;2;2;2;2,SEPT09_MVPA_MASK_resliced4mm.nii,10,1,,0;0;1;0;0;0,0;1;0;0;0;0
CM_ret,0.49537,0.0043598,s16,0.47699,2,hit;cr,1;1;1;1;2;2;2;2,SEPT09_MVPA_MASK_resliced4mm.nii,10,1,,0;0;1;0;0;0,0;1;0;0;0;0
CM_ret,0.49537,0.0043598,s17,0.52931,2,hit;cr,1;1;1;1;2;2;2;2,SEPT09_MVPA_MASK_resliced4mm.nii,10,1,,0;0;1;0;0;0,0;1;0;0;0;0
CM_ret,0.49537,0.0043598,s18,0.49376,2,hit;cr,1;1;1;1;2;2;2;2,SEPT09_MVPA_MASK_resliced4mm.nii,10,1,,0;0;1;0;0;0,0;1;0;0;0;0
CM_ret,0.49537,0.0043598,s19,0.4723,2,hit;cr,1;1;1;1;2;2;2;2,SEPT09_MVPA_MASK_resliced4mm.nii,10,1,,0;0;1;0;0;0,0;1;0;0;0;0
CM_ret,0.49537,0.0043598,s20,0.54865,2,hit;cr,1;1;1;1;2;2;2;2,SEPT09_MVPA_MASK_resliced4mm.nii,10,1,,0;0;1;0;0;0,0;1;0;0;0;0
CM_ret,0.49537,0.0043598,s21,0.47209,2,hit;cr,1;1;1;1;2;2;2;2,SEPT09_MVPA_MASK_resliced4mm.nii,10,1,,0;0;1;0;0;0,0;1;0;0;0;0
CM_ret,0.49537,0.0043598,s22,0.47564,2,hit;cr,1;1;1;1;2;2;2;2,SEPT09_MVPA_MASK_resliced4mm.nii,10,1,,0;0;1;0;0;0,0;1;0;0;0;0
CM_ret,0.49537,0.0043598,s23,0.50353,2,hit;cr,1;1;1;1;2;2;2;2,SEPT09_MVPA_MASK_resliced4mm.nii,10,1,,0;0;1;0;0;0,0;1;0;0;0;0
CM_ret,0.49537,0.0043598,s24,0.48564,2,hit;cr,1;1;1;1;2;2;2;2,SEPT09_MVPA_MASK_resliced4mm.nii,10,1,,0;0;1;0;0;0,0;1;0;0;0;0
CM_ret,0.50327,0.0035053,s01,0.53878,2,hit;cr,1;1;1;1;2;2;2;2,SEPT09_MVPA_MASK_resliced4mm.nii,10,1,,0;0;1;0;0;0,1;0;0;0;0;0
CM_ret,0.50327,0.0035053,s02,NaN,2,hit;cr,1;1;1;1;2;2;2;2,SEPT09_MVPA_MASK_resliced4mm.nii,10,1,,0;0;1;0;0;0,1;0;0;0;0;0
CM_ret,0.50327,0.0035053,s03,0.50696,2,hit;cr,1;1;1;1;2;2;2;2,SEPT09_MVPA_MASK_resliced4mm.nii,10,1,,0;0;1;0;0;0,1;0;0;0;0;0
CM_ret,0.50327,0.0035053,s04,0.51731,2,hit;cr,1;1;1;1;2;2;2;2,SEPT09_MVPA_MASK_resliced4mm.nii,10,1,,0;0;1;0;0;0,1;0;0;0;0;0
CM_ret,0.50327,0.0035053,s05,0.50464,2,hit;cr,1;1;1;1;2;2;2;2,SEPT09_MVPA_MASK_resliced4mm.nii,10,1,,0;0;1;0;0;0,1;0;0;0;0;0
CM_ret,0.50327,0.0035053,s06,0.47045,2,hit;cr,1;1;1;1;2;2;2;2,SEPT09_MVPA_MASK_resliced4mm.nii,10,1,,0;0;1;0;0;0,1;0;0;0;0;0
CM_ret,0.50327,0.0035053,s07,0.49943,2,hit;cr,1;1;1;1;2;2;2;2,SEPT09_MVPA_MASK_resliced4mm.nii,10,1,,0;0;1;0;0;0,1;0;0;0;0;0
CM_ret,0.50327,0.0035053,s08,0.50189,2,hit;cr,1;1;1;1;2;2;2;2,SEPT09_MVPA_MASK_resliced4mm.nii,10,1,,0;0;1;0;0;0,1;0;0;0;0;0
CM_ret,0.50327,0.0035053,s09,0.47915,2,hit;cr,1;1;1;1;2;2;2;2,SEPT09_MVPA_MASK_resliced4mm.nii,10,1,,0;0;1;0;0;0,1;0;0;0;0;0
CM_ret,0.50327,0.0035053,s10,0.47007,2,hit;cr,1;1;1;1;2;2;2;2,SEPT09_MVPA_MASK_resliced4mm.nii,10,1,,0;0;1;0;0;0,1;0;0;0;0;0
CM_ret,0.50327,0.0035053,s11,NaN,2,hit;cr,1;1;1;1;2;2;2;2,SEPT09_MVPA_MASK_resliced4mm.nii,10,1,,0;0;1;0;0;0,1;0;0;0;0;0
CM_ret,0.50327,0.0035053,s12,0.50984,2,hit;cr,1;1;1;1;2;2;2;2,SEPT09_MVPA_MASK_resliced4mm.nii,10,1,,0;0;1;0;0;0,1;0;0;0;0;0
CM_ret,0.50327,0.0035053,s13,0.50287,2,hit;cr,1;1;1;1;2;2;2;2,SEPT09_MVPA_MASK_resliced4mm.nii,10,1,,0;0;1;0;0;0,1;0;0;0;0;0
CM_ret,0.50327,0.0035053,s14,0.51904,2,hit;cr,1;1;1;1;2;2;2;2,SEPT09_MVPA_MASK_resliced4mm.nii,10,1,,0;0;1;0;0;0,1;0;0;0;0;0
CM_ret,0.50327,0.0035053,s15,0.52171,2,hit;cr,1;1;1;1;2;2;2;2,SEPT09_MVPA_MASK_resliced4mm.nii,10,1,,0;0;1;0;0;0,1;0;0;0;0;0
CM_ret,0.50327,0.0035053,s16,0.51007,2,hit;cr,1;1;1;1;2;2;2;2,SEPT09_MVPA_MASK_resliced4mm.nii,10,1,,0;0;1;0;0;0,1;0;0;0;0;0
CM_ret,0.50327,0.0035053,s17,0.51167,2,hit;cr,1;1;1;1;2;2;2;2,SEPT09_MVPA_MASK_resliced4mm.nii,10,1,,0;0;1;0;0;0,1;0;0;0;0;0
CM_ret,0.50327,0.0035053,s18,0.49543,2,hit;cr,1;1;1;1;2;2;2;2,SEPT09_MVPA_MASK_resliced4mm.nii,10,1,,0;0;1;0;0;0,1;0;0;0;0;0
CM_ret,0.50327,0.0035053,s19,0.48401,2,hit;cr,1;1;1;1;2;2;2;2,SEPT09_MVPA_MASK_resliced4mm.nii,10,1,,0;0;1;0;0;0,1;0;0;0;0;0
CM_ret,0.50327,0.0035053,s20,0.5103,2,hit;cr,1;1;1;1;2;2;2;2,SEPT09_MVPA_MASK_resliced4mm.nii,10,1,,0;0;1;0;0;0,1;0;0;0;0;0
CM_ret,0.50327,0.0035053,s21,0.50476,2,hit;cr,1;1;1;1;2;2;2;2,SEPT09_MVPA_MASK_resliced4mm.nii,10,1,,0;0;1;0;0;0,1;0;0;0;0;0
CM_ret,0.50327,0.0035053,s22,0.51742,2,hit;cr,1;1;1;1;2;2;2;2,SEPT09_MVPA_MASK_resliced4mm.nii,10,1,,0;0;1;0;0;0,1;0;0;0;0;0
CM_ret,0.50327,0.0035053,s23,0.51347,2,hit;cr,1;1;1;1;2;2;2;2,SEPT09_MVPA_MASK_resliced4mm.nii,10,1,,0;0;1;0;0;0,1;0;0;0;0;0
CM_ret,0.50327,0.0035053,s24,0.51149,2,hit;cr,1;1;1;1;2;2;2;2,SEPT09_MVPA_MASK_resliced4mm.nii,10,1,,0;0;1;0;0;0,1;0;0;0;0;0
